"","SRR13836080","SRR13836083","SRR13836084","SRR13836072","SRR13836096","SRR13836087","SRR13836060","SRR13836071","SRR13836058","SRR13836094","SRR13836073","SRR13836091","SRR13836174","SRR13836161","SRR13836175","SRR13836156","SRR13836177","SRR13836164","SRR13836138","SRR13836131","SRR13836147","SRR13836176","SRR13836143","SRR13836148","SRR13836145","SRR13836160"
"Ruminococcus_bromii",0.0292739797879494,0.000308765322531812,0.0109906725876086,0.00654473730123348,0,0.0302169416570409,0.000137219941948835,0.0985162635000291,0.000111198443174932,0,0.00026626526920084,0.0725563677039226,0.0181297692024263,0.000178350014738593,0.00755699512976097,4.64908176300194e-05,0.0126186411705613,0,0.00868550608889525,9.74604996916717e-05,6.56861986534981e-05,0.000968002389726621,0.000326523167793901,0.0275186269165216,0.000656065406927395,0.00120926670261399
"Coprococcus_eutactus",0.0157267437141696,0.0306059848932805,0.00256295444691488,0,0,0.00022906208177768,0,0,0,0,0.207944917933234,0.00290654944995283,0.0517743052847308,0,0.00316094314474068,0,0.0764464233694554,0.0212349345404154,0,0,0.0106716372893303,6.6352254770167e-05,0.0568042115926464,0,0,0.00158981420836199
"Dialister_invisus",0.0120454702137302,0.0401292084172481,0,0,0.000945646104987764,0.00687520257405268,0,0.00541877340947219,0.0598464343505245,0.000376169429237852,0,0.000206345265276294,0,1.43066612663642e-05,0.0637255816967966,0,0.0226000770520771,0.000330921809684122,0.0317761728215207,0.0540619616115392,0.000166650527665124,0.0633051869096452,0.000708829445364114,0.000122849509962152,0.00117327613487233,0.0735625640494217
"Eubacterium_rectale",0.000155707780314341,0.00208591046642167,0.0421152164418087,0.00426673368636252,0,0.0113634186870212,0,0.0318149234798326,0,0,0.00758566645849488,0.000184330303893658,0.0126502641177882,6.00776059006119e-05,0.00554894152748271,0,0.00732191987028338,0,0.0026930199753548,0,0.0146424884405754,0.00916925127368962,0.0693627864174754,7.72683630059761e-05,0,0.0622537412785391
"Phocaeicola_vulgatus",0.0602382317261951,0.0286285974849245,0.0763247641424347,0.00518888433353454,0.00387677486652481,0.0180804484127715,0.00237377361315794,0.0184098375505434,0.00437636892999387,0.00424910677022424,0.0157171225355974,0.0825152608708495,0.0542431493026835,0.00325167894844663,2.5246130522564,0.672345533369308,0.261027168205964,0.421297564514368,0.127296511555597,2.23625348882021,0.0507268250122791,0.0496001991014701,0.316145655353913,0.679339246994038,0.0087515534484884,1.01994700941523
"Bacteroides_uniformis",0.24554478016434,0.193578902544763,0.175934424515044,0.10188760163553,0.00149137380332409,0.433797996971957,0.00136630249243437,0.0308901379518855,0.04929557055524,0.458220636074909,0.0527582259577863,0.171069362535177,0.527361867975743,0.126189729114753,0.0934895710565143,0.403029234228823,1.84364210404441,0.109481467084105,0.111885196201687,0.0474715533898141,0.101461566292974,0.00652627052610183,0.087124420353913,0.840576726176894,0.250980899395483,0.00202743039149031
"GGB3619_SGB4894",0,0.0119428230209077,0.00151970389840307,0,0,0,0,0,0,0,0,0,0.00163386603152699,0,0,0,0.00520294623375542,0.029399347947161,0,0,0.0137277011153474,0,0.0147961987994651,0,0,0
"Bacteroides_cellulosilyticus",0.0142667402228872,3.2015756337944e-05,0.00302783931154192,7.45858786070833e-05,0,0.0150489207970154,0,0.00565076387598345,0,1.59136987544847e-05,0.00549427212808945,0.00120160689900245,0.0226911260818153,5.58517141413051e-05,0.0011102416862349,0,7.1725086247858e-05,0.067254256887898,0.0285672791933535,0,0.0113102175423132,0.000432603791977366,0,1.00935225976702e-05,0,0.0529634693392866
"Phocaeicola_massiliensis",0.01836260553962,0.000474653720875881,0.0112430028654701,0.00094606171329666,0,0.0597038136107501,0.000419233460493638,0.00896011075757302,0.000209081180509445,0,0.040467482837905,0.00436337465402935,0.00041989077439955,0.000119818517877353,0.215252196378939,0.000437161564149102,0,0.000326330497617367,0.000632808089171903,0.000674037615560139,0.0164938279955867,0.000626948470416382,0.0968718244529459,0.000353450521556501,0.00224056050747228,0
"GGB4684_SGB6478",0,0.0145074872714585,0,0,0,0.0204859600422694,0,0,0,0,0.00447495335248354,0,0,0,0,0,0,0,0,0,0.00305294967003495,0,0.00768111720404083,0,0,0
"Clostridium_sp_1001270H_150608_G6",0.0403705610450807,3.18105777437979e-05,0,0.000127907846526642,0,0,0,0.224555207800167,0,0,2.60553291927085e-05,0,0.0185017011839858,0,0.00030379745081913,0,0.000810690604201084,0,0,0,0.0485494473303907,0,4.17000708641811e-06,0,0,0
"Akkermansia_muciniphila",0.0614621087996028,0.0148601261805442,0,0,2.52245428637331e-05,5.21607422287423e-05,0,0.000152538123758036,0.000560623493285145,0.000259429741003522,0,0.166422440886102,0.0263255378847708,0.00375597915275658,0.013697193739774,0,0.0152844382183795,0,0.000183539124399898,0,0,0,0.0862240492790985,0,0,0.000112056502455207
"GGB3277_SGB4327",0.000266090018865994,0.00034530202544661,6.44890140607238e-05,0.000686834491183443,0,0,1.6261077708774e-05,1.05094764809874,8.01619431521754e-05,0,0.00031909330925232,0,0,0,0,0,0,0.31642060360544,0,0,0.0088509287642241,0,0.0115454218966764,0.0115645467109981,0,0
"Alistipes_putredinis",0.175268538468745,0.20389312410151,0.152592009249952,0.0596189272873063,0.000584517540306777,0.482421115358653,0.00164440885794404,0.0814341606761434,0.0023946511689891,0.00802467932941084,0.320675849656236,0.391825964365249,0.108621698792557,0.000847293504005357,0.132751353064197,0.146962081142699,0.0086726738005603,0.194826724943197,0.236096115149583,0.00581168363452227,0.223763642480867,0.00729788383331835,1.3162493290302,0.00635803531454545,0.00855512876376666,0.00102294404237247
"Enterocloster_SGB14313",0,0.00101921562591376,0,0,0,0,0,0,0,0,0,0,0.00346077616598502,0,0,0,0,0,0,0,0.0336811989365399,0,0.00995697394537522,0,0,0
"GGB9758_SGB15368",0,0,0.000226980415467237,0,0,0,0,0,0,6.10993125079429e-05,0,0,0.0337937129081858,0,0.00692485148305901,0,0.0298970307269136,0,0.00130609427118505,0.000195267769727517,0.142260761420583,0,0.0263334053249029,0,3.38434790746133e-05,0
"Roseburia_inulinivorans",0.00327484687137205,0.000324212737571364,0.0186049157628393,0,0,0.00229004793828485,0,0.000801244863285435,0,0,0.0193438497633098,0.0092291132798337,0.0076613870308039,3.0986041001278e-05,0.00364860939423642,0.00228851892344826,0.0238033290438908,0.0413394917829403,0.00173508640763155,0.0863296071844065,0.00117504948279682,0.00116315842185149,0.00235433370448066,0,0,0.0137425787212113
"Ruminococcus_lactaris",0.0239057734447022,0,0.00106853286467436,0,0,0,0,0.0267535046496958,0,4.773039148161e-05,0,0,0.00708229278929578,0,0.00167480944504142,0,0.000418123528471728,0,0,0.003163353656563,0.000584186243139001,0,0.00932023851078484,0,0,0.0182971026149205
"Bacteroides_xylanisolvens",0.0250781730209882,0.00777093922275443,0.00213543115435192,0.00146826060503143,0.0252587104784397,0.0802332245915381,0.00030235573048654,0.00022409779459814,1.53283185665622,0.165723040341443,0.00795584634598362,0.0159639356285684,0.00897580006922133,0.000288011965601037,0.016210201877279,0.000549007727350923,0.019365926050457,0.000222566813102679,0.0023711650436412,0.345447112093885,0.00505325977963965,0.002268037642272,0.00169284389467484,0.000670030577144224,0.353163593578561,0.121327539617876
"Clostridium_sp_AM49_4BH",0,0.000399987418455065,0,0,0,0.00281670943441703,0,0.0515085422157578,0,0,0,6.96201125012474e-05,0,0,0.00598470449680075,0,0.0154383990185448,0,0,0,0.0124810669806093,0,0.000695783752635231,0,0,0
"Lachnospira_sp_NSJ_43",0,9.45768733723832e-05,0,0,0,0,0,0.000145016136127151,0,0,0.00578072823680499,0,0.0013846230802337,0,0.00363112195206255,0,0,0.000600457779557702,0,0,5.33246897145487e-05,0,0.00323720171806721,0.0056204494364774,0,0.0178553328337158
"GGB3256_SGB4303",0,0,0,0.0139142182596969,0,0.0780520653671988,0,0,0.000352393300138041,2.52806875481844e-05,0,0.000238820885212367,0.0113127546550458,0,0.0166221344993314,0,0.252911946792083,0.000119261442255529,0.000807605812209138,0,0,0,0.0543309571582315,0,0,0.0432521474176734
"Paraprevotella_clara",9.44169871349021e-05,0.035669903365771,0.162277007657601,0.00104674946797497,0,0.0485228060634525,0,2.71018666454463e-06,0,0,0,0,0,1.29443271449269e-05,0,0,0,0,0,0.000132981618662878,4.74279488634549e-05,0,0.000248214896086297,8.50658720761447e-05,0.000494124910672755,0
"Eubacterium_SGB6276",0,0.00188027175827691,0,0,0,0,0,0,0,0,0,0.000480903247910305,0.00249748468759038,0,0.00238502401740025,0,0.00116190868159478,0.00637840455225968,0,0,0.0310637551371027,0,0.0171099776560055,0,0,3.3595094972184e-05
"Clostridium_SGB4648",0,0,0,0,0,0,0,0,0,0,0,0,0,0,0,0,0,0,0,0,0,0,0,0,0,0
"Eubacterium_ventriosum",0.0115971135228079,0.00033891857689965,0,0,0.0101045153680027,0.00398809975944492,0,0.00344671825402372,0,0,0.00156226030853213,0.00630148504000059,0.000161467614436867,0,0.00549951842596637,0,0.00215724984200931,0.0518949479462567,0,0.0173455152949278,0.00152452777825578,0.000568975756865892,0.00358353006277302,0.0347559028515031,7.15037577708342e-06,1.38636194852274e-05
"GGB9345_SGB14311",0,0.000626209975493991,0,0,0,0,0,0,0,0,0,0.0304096049489043,0.00166650168441212,0,0,0,0,0,0,0,0.00221346575042901,0,0.00214026782805186,0,0,0
"Odoribacter_splanchnicus",0.00368153295513474,0.0200389959387234,0.00212142337814423,0,0,0.00751152363661759,0,0,0,0,0.00517359538525733,0.000873758142374552,0.00967359576949189,0.0314408216246473,0.00646448295844202,0.00603063074202252,0.0324031477417221,0.0349298582709215,0,0,0.0044551373808338,0,0.0369033000640159,0,0.0136297995216424,0.0773571012568482
"Dorea_longicatena",0.0914634535136337,0.00345356174472475,0.00336580599928074,0,3.75602158932033e-05,0.000466120271028869,0.00544944961244415,0,0,0.0072860961725813,0.00171258219567228,0,0.00248242765563019,4.03186920236294e-05,0.00345501673955531,0.000704985102999286,0.000465967235946743,0.00281349486917654,0,0,0.00729288170593673,0.00243537058149008,0.00369261835876554,0.000385389224888507,0,0.0151628424348316
"Parabacteroides_distasonis",0.030264825337806,0.0109391772973346,0.0514091991885311,0.0170935205073548,0.000103478348355087,0.125884684145604,0.000146976332106357,0.0114326775548347,0.861084663547357,0.141188313424125,0.0110286771255219,0.0149308356347447,0.00565098558068428,9.58372470506924e-05,0.0501658424681814,0.0946064931447812,0.100878628072385,0.0162183295438941,0.216183669032236,0.041255330562896,0.0086533479555252,0.00950468698939067,0.104666433678158,0.116006519085186,0.0748871595259122,0.000236349997056482
"Faecalibacterium_prausnitzii",0.0695077437374657,0.337747852601226,0.0320076175438014,0.00626122377676474,0,0.0171370681405787,0.00185081521255312,1.58809464700839,0.00364392890981154,0.00816388656051183,0.209976933207332,0.182584512145402,0.0506864904973042,0.00224362998684457,0.355495527228465,0.10383850201282,0.0276804440662417,0.334899202645747,0.0136353169604806,0.794036730169826,0.165339363422034,0.297894805049419,0.319524753321808,0.0481855258288371,0.00164502734760728,0.159862441720431
"Roseburia_faecis",0.0379645475108688,0.000545421000188808,0.00027251900575464,0.0049918859440586,0,0.00777304383854307,1.21272028665101e-05,0.00812051842470246,2.53390619653322e-05,0.000638026548129591,0.0266669935568269,0.0112532632284098,0.0798309673150242,0.00154136352331196,0.00304649070296501,0.000270144085443576,0.0729102425639231,0.0649414936398314,0.004863035094715,0.00412053338467636,0.0019964954214345,0.00153877851199323,0.0731190022746292,0.000200202521052497,0.000405723407585416,0.069871587751765
"Coprococcus_comes",0.0158449089822287,0.000408877861745547,0.00647450684665178,0,0,0.00506489359727435,0,0,0,0.000455321394006241,0.00122332549739505,0.000764090661678778,0.00220337522331469,0,0.0138295064608261,0.0112631796459924,0.000739352900439292,0.00733461133247607,0,0,0.000511595570949732,0,0.00409189632202376,0.000190205958724352,0,0.00957605688418503
"Bacteroides_faecis",0,0,0,0,0,0,0,0,0,0,0,0,0,0,0,0,0,0,0,0,0,0,0,0,0,0
"Barnesiella_intestinihominis",0,0.00548201679797253,0.00677608419816652,0,0,0.0196037975506685,0,0,0,0.000470550176338756,0.0363451427893465,0.0743530442570977,0.00126441082736611,0.0269987961594135,0.0811321562545549,0,0.0489163154914051,0,0.000472507478220365,5.96892663227882e-05,0.0878244712655069,0.000239189374450033,0.176880440524283,0,0.000866797055064139,0
"GGB3746_SGB5089",0.00485265228957271,0,0,0,0,0.000206023270756009,0,0,0.00218815900784341,9.89570897265043e-05,0,0.000852977708546057,0.00549795068485521,0.000471744469669487,0.000803436949939621,6.89858828979028e-05,0.00478603801603078,0.00386918126939891,0.00150018418225292,0,0.000107286859234566,0,0,0,0,0.0290796602167295
"Intestinibacter_bartlettii",0,0,0,0,0.000138579258702425,0,0,0,0,0.00140466165694449,0.000577569123631595,0,0,0,0.000117233134735535,0,0.00020354126538871,0,0,0,0,0,0,0,0,0
"Desulfovibrio_SGB5077",0,0.000417922866946897,0,0,0,0.000241151149148072,0,0,0,0,0,0,0.00266284617143251,0,0.0224889435756629,0,0,0.00275791652042007,0,0.0127450370936279,0.000346605734824194,0,0,0,0,0.00195851283873787
"Firmicutes_bacterium_AF16_15",0.00197174829805154,0.0446341807043338,0.000751510455040613,7.88892653334714e-05,0,0,0,0.0565471989589259,0,0,0.00192297375165882,0.00393601683700756,0.000733985179003815,0,0.0103997925056353,8.38840133291191e-05,0.000445253940619924,0.00982038625934384,0,0.000293703689162584,0.012277496210807,0,0.00722979964816197,1.46776247888071e-05,0,0.00437392847244764
"Bacteroides_caccae",0.0179316238018457,0.040029003190967,0.00109042874817187,0.00140895551026153,0.000205024120831577,0.0430080900986602,7.61653050601764e-05,0.00618973649707135,0.000218491111814512,0.406764996797431,0.0221846946892591,0.0442432895773004,0.032236447311866,6.61282210827753e-05,0.0190060908876914,0.133015807481492,0.0290705339309074,0.016474605893482,0.055282447623571,0.000341211661234679,0.013712173987961,0.00310146537616812,0.00231890097192371,0.305419030695484,0.000537489593551603,0.000238657732071776
"Ruminococcus_torques",0.000110987630652197,0.00244675354812715,0.00171010614987918,0.0135316500920879,0,0.0237898075084204,0,0.0770608386705243,0.000359452134133408,0.0793901882613361,0.00153586570816011,0.00251230847351457,0.00157555983791943,0.00220519552714984,0.00197819815321147,0.00629290136274981,0.00336803935627053,0.000358478178115582,0.00138658875487624,0,0.0131613915858801,0,0.00763528143406824,0.00785214034939882,0,0.0398822650924786
"GGB9342_SGB14306",0,0.000366598590520752,0,0,0,0.00313244541139804,0,0,0,0,0,0.00205701023089186,0.000932791446521995,0,0,0,0,0,0,0,0,0,0.00306538091629001,0,0,0
"Clostridium_sp_AF12_28",0.00017939050999232,0,0,0,0,0.00483914441142164,0,0,0,0,0,0,9.65043473113534e-06,0,0.00227338745787351,0,0.0015710433903915,0.00248303570670877,0,0,3.99623780936891e-05,0,0,0,0,0
"Bacteroides_finegoldii",0.00352240897230724,0.00143846987669545,0.00142789116219979,0,0,0.0232869650732522,0,0.000667775247165464,0,0,0.00763270087925145,0.00123900022493685,0.00561995738091835,0.277135798844164,0.0829073199465135,0,0.000102792489375673,0,0.646441574157828,8.27732805226172e-05,0.01256300550989,0.00098930139391923,0.000793078799996375,0,0.000620422882273469,0.000219486756188701
"GGB9359_SGB14334",0,0,0,0,0,0,0,0,0,0,0,0,0,0,0,0,0,0,0,0,0,0,0,0,0,0
"Dorea_formicigenerans",0.000716325094757894,0.00039876427515047,0,0,0,0.000783393160928562,0,0.0261852176506904,0,0.000875484574044163,0.000477303723054318,0.000597482184570546,0,0,8.52198069904891e-05,0,0,0.000637722477833312,0,0.00170496752810221,0.000867897330313223,0,0.000880942746432616,0,0,0.001429326748944
"Veillonella_rogosae",0,0,5.75447648020143e-05,0,0,0.000829154423951815,0.0048326442852524,0,0.0217674032170825,0,0.00248200587373729,0,5.75914464684321e-06,0,0,0.00332213831338262,0,0,0,0,0,0,0,0,0,0
"Clostridium_sp_1001270J_160509_D11",0,0,0,0,0,0,0,0,0,0,0.00086910912056157,0,0,0,0,0,0,0,0,0,0,0,0,0,0,0
"GGB9636_SGB15107",0,0,0,0,0,0.0336019517243591,0,0,0,0,0,0,0,0,0,0,0,0,0,0,0,0,0,0,0,0
"Phocaeicola_dorei",0.00063979021364962,0.000159315431127794,5.76254932956327e-05,0.0198754383626944,1.20362003366532,0.174588045578708,0.000714542388778202,0.00240982561772243,0.669599379613231,1.45611439673768,0.00990218584081973,0.00412081370371575,0.00896665371568796,0.502315778161438,0.000953755195366995,0.00692975240348445,0.00116122792532516,0.0244241839320504,0.26570921232022,0.344114838537343,0.0243349975199273,0.00282929005610883,0.00328957871850309,0.00152628647291077,0.547534835552179,0.000653376379567249
"Ruminococcus_bicirculans",0.00700723745574268,0.000420244765546844,0.000119246102598042,0.00135137099618462,5.27386821538394e-06,0.000102579213433046,0,0.0186864541626156,0,0.00217642334158186,0.0225990455573593,0.0761419761222815,0.00149032624313734,6.04646129961881e-05,0.00220587295336996,0,0.00493548246610984,0,0.000374560603636178,0.0689432507672472,0.00374000602577708,0.00104004460830944,0.0466425906116743,0.000709442632158182,0.00155816414044078,0.00803667719803893
"Bacteroides_ovatus",0.00307038867041412,0.0782850535376916,0.0545810850524985,0.00457731410002375,0.000294486135623264,0.00207240668152534,0.00298395173538133,0.0084629305276418,0.00115049377298254,0.0950119659678186,0.00637287900723002,0.0359439070357496,0.00853718470031397,0.023702318999874,0.0417784355329998,0.104146233303186,0.0125982221271911,0.0953252318288166,0.381469068120953,0.00706489793364069,0.00761333773589694,2.19472937856185,0.00640447374832587,0.307634731025657,0.0138398330932402,0.374775625815315
"Lachnospiraceae_bacterium",0,0,0,0,0,0,0,0,0,0,0,0,0,0,0,0,0.000794892996918763,0.000787568830110468,0,0,9.57244197283797e-06,0,0.000157344112618381,0,0,0.000557228333542806
"Faecalibacillus_intestinalis",0.000115256294090574,0.000440391394671515,0,0,0,0.000215985187466332,0,0,0,0.00100504403307198,0.000123387195777367,7.77992547431696e-05,0.00030695425258696,0,0,0.00010666349857515,0,0.0010571570634934,0,0.000209738032597736,0.000349022907936664,0,0.000919957587215338,0.000305162229734539,0,0.00273115463338219
"GGB3612_SGB4882",0,0,0,0,0,0.000146685750839654,0,0,0,0,0,0,0.0116340190801842,0,0.000567765069332668,0,0,0,0,0,0.000113210712496489,0,0,0,0,0
"Blautia_wexlerae",0.00185893177921643,0.0006162390490652,0.0030341940440498,0.00548881516866195,0.000854360657669926,0.00053668755389649,0.00150908128774029,0.212423676159891,0,0.000427637577714742,0.00154845455580314,0.0102366956448349,0.000471147418499743,0,0.00988177918436665,0.00170813230065201,0.000666447988487073,0.00283712330204244,0.000598121025813361,0.00366949348483914,0.00153698662384454,0,0.00405557474799754,0.00138389622619059,0.00155397595008137,0.0121222599480088
"Eubacterium_siraeum",0,0,0,0,0,0,0,0,0,0,0,0.00137652604471341,8.59480649652812e-05,0,0.157617618969033,0,0,0,0,0.110161158593836,0,0,0,0,4.86497859156884e-05,0
"Eubacteriaceae_bacterium",0.003642978354195,0.000113603639333464,0.00511996048970246,0,0,0.00290288669273619,0,0,0,0,0.000547984831079784,0,0.00122318745538307,0,0,0,0.045974092368812,0.0283303955029496,0.0227770089553345,0.00673902019199699,0.00491639509133107,0,0.00497337186406363,0,0,0.00111336704917016
"GGB3653_SGB4964",0.00834649054935104,0,0.000172059334640882,0,0,7.2617846335408e-05,0,0,0,0,0.000654953916562423,0,0.00159854145435261,0,0,0,0,0,0,0.000501059976588383,0.000351222742737594,0,0.00289638727286103,0,0,0
"GGB3614_SGB4886",0,0,0,0,0,0,0,0,0,0,0,0,0.00771399125805475,0,0,0,0,0,0,0,0.00117708595054067,0,0.00115676003921511,0,0,0
"Staphylococcus_SGB6340",0,0,0,0,0,0,0,0,0,0,0,0,0.00231524990000419,0,0,0,0,0,0,0,0.00108331977739801,0,0,0,0,0
"Parabacteroides_merdae",0.033925956019433,0.0329003212744449,0.0851310954490272,0.0032862559035736,4.75197234026928e-05,0.0407275268758926,0,0.000273841069057668,0.000134378767363238,0.0856768683035251,0.0132093562037037,0.0184176645753838,0.0223226950668902,0.18305260230959,0.0409209219989411,0.0700279863060797,0.000430572788256522,0.0783364468685348,0.199702034164445,0.000508119658786617,0.0406149010318227,0.00161562019128475,0.120992951375056,1.33131072770881e-05,0.000124853219153131,0.0002366352723248
"Phascolarctobacterium_faecium",0.00034313681228569,0.00120217151087695,0.00772636138785644,0.0150150767381426,0.000416491599797496,0.12793855563917,0.00514251662163905,0.00369970220171633,0.000320826496903426,0.0980013505135682,0.00392397263063802,0.0399411334310649,0.222906036533208,0.0671223549055368,0.00649563575384132,0.0471805973594759,0.000401285005726109,0.109556279288153,0.00220442504258834,0.00174908099979179,0.0572684778988597,0.00229263110324998,0.0135971324329911,0.112510646130201,0.0670837088961698,0.000908055759633919
"Clostridiaceae_bacterium",0.00211332844829716,0.00558589766014246,0.0299155294547533,0,0,0.000401321891371457,0,0.00986344571572825,0,0,0.0010545205686555,0.00218396868631947,0.00384049930767256,0.000131808139819762,0.0142296401074428,0.00014554953180459,0.000563102333183508,0.0594696877206643,0.000129199184696269,0.000836227622752002,0.014695309857379,0.00595212887265011,0.00592334231831003,0.00165006528487376,0,0.00470788458736227
"Faecalicatena_fissicatena",0,0.000575493190026178,0.00154265237663815,0,0,0.00316679309916282,0,0.00215423464217298,0,0,0.00162299549482744,0.00162135016555714,0.00240117823701971,0,0.000126808009568386,0,0.00071983576988325,0.00881151937594459,0,0,0.00130780979634637,0,0.00212318134601871,0,0,0.0155166188916093
"GGB51269_SGB5062",0,0,0,0,0,0.000593837437617504,0,0,0,0,0,0,0.0199760128428275,0,0.000229879361906886,0,0.000852525004695157,0,0,0.0239726402084729,0.000746052785362253,0,0.00896297776655836,0,0,0.00249126043620138
"Blautia_sp_Marseille_P3087",0,0.000442747813386339,0,0,0,0,0,0.00617575437788421,0,0,0,0,0,0,0,0,0,0.000513223848608248,0,0,0.000170558848855451,0,0,0,0,0
"Butyricimonas_virosa",0,0,0.000148523414263315,0,0,0.0221667614507146,0,0,0,0,0.00119866919820486,0.0051935221413918,0.00100177840634283,0,0,0,0,0,0.00451072572019749,0,0.0026333181906506,0,0,0.0221765528431925,0,0
"Escherichia_coli",0.000896349830984167,0.00227988436706662,0.0011953538666875,3.26356648272309,0.0511753225243483,0.00425540770094528,0.0176758170857303,0.000797423231750949,0.187570619075158,0.530536873896406,0.0073675854882929,0.0272664688363818,0.00329750187374513,0.00195177572628825,0.00157801934753494,0.0200547973929773,0.00698150860210052,0.011377509332615,0.0015610725038695,0.0106544189168601,0.0013640209429571,0.133634340728089,0.00540555589698015,0.248677797187666,0.0832778657241603,0.00824660858506569
"Streptococcus_thermophilus",0,0,0,0,0,0,0,0.0026759303675307,0.000355413689818709,0.000702708525678444,0,0,0,0,0,0,0,0,4.80093778764931e-05,0,0,0,0,0,0,0
"Bacteroides_stercoris",0.0326625179952179,0.0296385169183397,0.00327677712564636,0.00246320318620687,0.000934885017127941,1.68241540950059,0.000304113536617363,0.000988140632292929,0.000513149416486626,0.00105389285445567,0.0239580191610592,0.0129573827843398,0.018025479967431,2.22170398235383,0.218822893867042,0.289019413974843,0.224146540869852,0.000158542241727201,0.0110234080213545,0.0042924210780321,0.0349943542364247,0.0347459424605781,0.0968169590073399,0.0152772616624303,1.91914738217533,0.00621717822280325
"GGB9747_SGB15356",0.00396581259100798,0.0389528737553352,0,0,0,0,9.85595057900574e-05,0,0,0,0.0901114573342476,0,0.0176953712875985,0,0.00136330322886837,0.000170854313881263,0,1.11709873709369e-05,0,0,0.148824792391176,0,0.0752730257316092,0,0,0
"Clostridiales_bacterium_KLE1615",0.000241759179121124,2.63692725163892e-05,1.39395001059428e-05,0,0,0.000102031219479555,0,0,0,0,0.000546575605911151,0.000363741570337579,0.00044207057621744,0,0,0,1.41340026949828e-05,0.00135894496687342,0,0.00400023114366233,0.00268390000356421,0,0.000916517549831616,0.00135082092944903,0.000202346627724478,0.00582054083934448
"Blautia_faecis",6.58643262150172e-05,0.00387049719915686,0.000863888393886538,0,0,2.91052563182263e-05,0,0.00367741797197656,0,0,0.000181801960247895,0.00111599153717072,0.000339180944692948,0,0.000236302721830714,0,0.000399879346986306,0.000183510040782212,0,0.00121704927169868,5.14952195071739e-05,0,0.000149643093096187,0,0.000263939282848723,0.00542670947685684
"GGB9512_SGB14909",0,0.000488823681102009,0,0,0,0,0,0,0,0,9.75753298479324e-05,0,0,0,0,0,0,0.00336448801527552,0,0,0,0,0,0,0,0
"Candidatus_Cibionibacter_quicibialis",0.0303263933023554,0.00262002509461557,0.00273256083340275,0.00129975928185771,0.0268391558116083,0.00253404675449824,0,0.000115263120391178,0,0.000355637746199653,0.00815886864226796,0.0307419848173249,0.00179066544435196,0,1.52773324006546e-05,0.000205564292401189,0.0119847113821492,0.0146848979513811,2.58775449742311e-05,0.0148913499632057,0.00426147139829261,0,0.0111399228042156,0,0.000451644759431951,0.0319006591338058
"Blautia_obeum",9.03501354766881e-06,0.000698349075845317,8.67248545203583e-05,0,0,5.71877928243974e-06,0,0.00943969014301566,0,0,0.000126157617465687,0.00145927889180982,0.000265047413204038,0,0.0058246373236926,0,0,0.00485423823842466,0,0.00123712980350901,0.000134170633519289,0.00745761553260777,0.00275641658663046,0,0,0.0109376914823727
"GGB9635_SGB15106",0.0101619684763396,0,0.00018787237137216,0,0,0.00916024490667005,0,4.40935423101576e-05,0,0,0.121306709264966,0,0.150164893983867,0,0.00669583796064191,0,0,0,0.000149331784269803,0.00043664021211614,0.491569907463702,9.89570996217446e-05,0.000507150028771373,5.51740646530255e-06,0.000275789328815012,0
"Coprobacter_secundus",0.000417804183595671,0,0,0,0,0.00117824390363679,0,0,0,0,0,0,0,0.00182954141370075,0.00123006513371663,0,0.0365211404678702,0,0,0,0,0,0,0,0,0
"Anaerostipes_hadrus",0.00165154621913933,0,0,0,0.00312046332729541,0,0.000580493305995665,0.00366936255006033,0.00439098186541087,0.00203042858856994,0.000138619974985061,0.00025792054213327,0,0.000191424847937474,0.0128904458864811,0,0.00270555505965,0.000336949403417993,0,0.000362607127346806,0.000573670214722609,0,0.00138584836322782,9.44448460529235e-05,0,0.00784757408845818
"Lachnospiraceae_bacterium_AM48_27BH",0.00475068466612085,0,0.000616870383952791,0,0,0,0,0,0,0,0.000159221302569009,0.00327040926763866,0.00155104216019416,0,0.0013846289087395,0,2.18924770014499e-05,0.00369886600012075,0,0,0.00201790890289084,0,0.0164266167843954,0.00189166952040054,0,0.00112497392839784
"Blautia_sp_MSK_20_85",0,0,0,0,0,0,0,0,0,0,0,0,0,0,0,0,0,0,0,0,0,0,0.000947522108305331,0,0,0
"Bacteroides_salyersiae",0.016710726762045,0.145976475583749,0,0,6.08846667959102e-05,0.000568909341615652,0,0.00122032555913607,0,7.8065531503083e-05,0.000415550168645859,0.00173707045874484,8.45955207340767e-06,0,0,0,0,0,0.0151529663231761,0.000559631644791971,0,0,0,0.00322599079265304,0,1.99644909855291e-05
"Fusicatenibacter_saccharivorans",0.00673266422289727,0.000540780627452936,0.0011315547928273,0,0,0.000607190418230195,0,0.0014299312767781,0,0,0.00265483869910127,0.00478623320991949,0.00115159906191882,3.19895704769717e-05,0.000324440185120768,0,0.00153831067567649,0.00668786416972607,0,0.0122180525720856,0.00109598621682848,0.00342854392734198,0.00723564262994503,0.000378786291654983,0.00227479396385436,0.0443162196177984
"Anaerobutyricum_hallii",0.000244006762520076,0,3.53458845208882e-05,0,0,0,0,0.00253894608769463,0,0.00377937187267832,0.000227120758899513,0,2.98988324209958e-05,0,0,0,4.35701798389053e-05,0.000728724649544928,0,0,2.0302885385725e-05,0,0,0,0,0.00474315544317445
"Clostridium_fessum",0.00642395625449942,0.00111703092672916,0.00349223215876569,0.000517753761265713,0,0,0,0.00500193774261682,0,0.00230231665863501,0.00169428298415173,0,0.0223866848878242,0.00114963969105952,0.0387398188634802,0.00282579346102376,0.00272705024165213,0.0053898447818434,0.000826026846261036,0,0.000919208285070984,0,0.00936725001379519,0.0013992735128732,0.0456069743639779,0.0119571551122276
"Lachnospira_eligens",0.00267293377096193,0.00212153984581268,0.0131183225052643,0,0.0332769588699041,0.000246105642534203,0,0.0061122489774214,0,4.34014763427132e-05,0.0139610389347472,0.000188585356016479,0.00114758300809241,4.25806326323135e-05,0.00472072027603867,0,0.00218404440032548,0.0309262944791475,0,0.0242651516524106,0.0012159341606156,0.00692950953313838,0.000120305251197331,0,0,0.00422391403103162
"Clostridium_sp_AF34_10BH",0.00265728575636424,0.00852600246462692,0.00780197763962157,0.000345273601245576,0,0.000779525908220092,0,0.000411883188642388,0,4.26876196236573e-05,0.0052717423256198,0.000503861730896,0.0189024254843007,0,0.0362197170840684,0.000173587055585148,0.00134795694235013,0.00449261603647622,0.00291334694745001,0.0935495199685472,0.0016661493731237,0.0146655601393848,0.00432748641441299,0.00348547831430848,0.000756767304815977,0.0128172453796728
"Eubacterium_sp_AF16_48",0,0.00537268635574054,1.25031606065055e-05,0,0,0,0,0.00580929926292788,0,0,0,0.00122478331234608,0.00992444060297402,0,0,0,0,0,0,0,0,0,0.000668527227144045,0,0,0
"Lachnospiraceae_bacterium_BX3",0,0,0.000339861360162544,0,0,8.81705690963992e-05,0,0,0,0,0,0,0.0017712438623247,0,0,0,0.000784795287427371,0,0,0.00233130871928647,0.000414697017456942,0,0,0,0,0
"Streptococcus_salivarius",0.0031857138653589,0.0118890303862476,0.000665213883730395,0,2.11974777311444e-05,0.00144999670808021,0,0.000744049662816322,5.48478427637798e-05,0,0.00101266254343137,0,0,0,0.000520872503429762,0,0,7.01944735067409e-05,0,0,0,5.0277236962419e-05,0.000342752967038823,0,7.58783782912876e-05,0
"Clostridiaceae_unclassified_SGB4771",0,0,0,0,0,0,0,0,0,0,0.000713465804077728,0.000150755991196498,0.000442866095756959,0,0,0,0,0,0,0,0,0,0.000294652436983121,0.000477902339390651,0,0
"Haemophilus_parainfluenzae",0,0.000541655255399844,0.00131122588700916,0,0.00100850730139831,0.00337915773275811,0.00313142755666782,0,0.00868411631358152,0,0.00361103254328521,0,0.000997532203742636,0.000109972461394231,0.00638967467357351,0.016388234408066,0,0,0,0,0,0,0.000756909222969412,0.00254012238226897,0,0.000120928137657525
"Bacteroides_clarus",0.0020525384595397,0,0,0,0,0.00668936536460765,0,0.00421892431620767,0,0,0,0,0,0,0,0,0,0,0.0755843694363113,0,0,0,0,0,0,0
"Roseburia_hominis",0.00343511481970356,0.00457901134007302,0.00725222747254756,0.000127377686072438,0.0335696524614303,0.000800476284353883,0,0,0,6.50438425225209e-05,0.0342104141716741,0.00209626799770839,0.0123832807247498,0,0.000482931191028085,0,0.0427255047731551,0.112241685811607,0.00389786337118334,0.00918336821635073,0.0065015642239088,0,0.0507800700153537,0,0,0.00386237708932174
"Blautia_SGB4815",0,6.67700142264163e-05,0,0,0,0,0,0,0,0,0,4.51238547733759e-05,0,0,0,0,0,0,0,0,0,0,0,0,0,0.000715569248668653
"Parasutterella_excrementihominis",0.000885800822204916,0,0,0,0,0.00050059627883707,0,0,0,0,0.00241031036699516,0,0,0,0,0.0400303256390563,0.00497799986053911,0.00364188844222717,0,0,0.00659695775330338,0,0,0,0.0978624172188419,0
"GGB9712_SGB15244",0.0035501872741984,0.00173177276363136,0,0,0,0.00102885077985406,0,0,0,0,0,0.0217581371353543,0.0011377012845921,0,9.62289344463122e-05,0,0,0,0,0,0.0344576474417808,0,0,0,0,0
"Clostridium_sp_AF20_17LB",0.00343609664835165,6.08248238994016e-05,0,0,0,0,0,0.000725048344551167,0,0,8.23566887481318e-05,0.000325169898975917,0.000291332684983114,0,0.000436649849670065,0,0.0011311476099712,0.0004802818612864,0,0.0132915045144252,0,0,0.000235341896119949,0,0,0.000825828391308819
"Clostridium_sp_AM22_11AC",0.0025008033014779,0.000349107097820946,0.0372938074761067,0.00408781854576121,0,0.000208098743294124,0,0.000455442504774549,0,0.00373902301995019,0.000867450732184911,0.00606104198418826,0.0017093834747032,0,0.0331760180814763,0.0194385003677987,0.000776481682322255,0.00980088657648202,0,0,0.000149986429550824,0,0.000948733944500489,0.000209336915498676,0.00891864414860543,0.0030568851001715
"Clostridiaceae_bacterium_AF18_31LB",0.000402025501860618,0.000126043913520386,0.000986435590554984,0,0,1.91125028562213e-05,0,0,0,0,0.00048963688772155,3.4791346021567e-05,4.09508583453694e-06,0,0.00356765732876167,0,6.20646181397879e-05,7.32779792641068e-05,0,0,0,0,0.0015238192506461,0,0,0.00149496492802979
"Clostridiaceae_bacterium_Marseille_Q4149",0.00344678785388003,0.0151474329781093,0.00235498622520347,0,0,0.00368850036486973,0,0.000296530664363601,0,0,0.000968110903725976,0.0524792501327601,0.00573373428578893,0,0,0,0,0,0,0,0.00151801362819903,0,0.00350023485098697,0,0,0
"Collinsella_SGB14861",0.00101108072571279,0.000985902490186421,7.01253471385763e-05,0,0,0.000243754849962942,0,0,0,0,0,0,0.000320496732947421,0,0,0,0,0,0,0,3.22787165846894e-05,0,0,0,0,0
"Lacrimispora_celerecrescens",0,0,0,0,0,0,0,0,0,0,2.41129855554769e-05,0,0,0,0,0,0,0.000854326259950164,0,0,0,0,0.000208417136983753,0,0,0
"Roseburia_sp_AM16_25",0,0,0.00328539064392855,0,0,0,0,0,0,0,0,0,0.000354738224377879,0,0,0,0.000498721301818099,0,1.75581760694237e-05,0,0.00129928765507753,0,0.000458815295737741,0,0,0.00307262129234319
"Clostridium_sp_AF36_4",0,0,0,0,0,0,0,0.00384535026548921,0,0,0.0109200814488035,0.0016778230640498,0.000113402742485071,0,0.0297705711283021,0,0.0289190188242066,0,0,0.0844307035770669,0.00433253546176545,0,0.0239792101089328,0,5.21611612862295e-05,0.000780118865487637
"Oscillospiraceae_bacterium_Marseille_Q3528",7.80364122259602e-06,6.4004143856243e-05,6.63463282814263e-05,0,0,0,0,0,0,0,0.000184994411808873,0,0,0,0,0,0,0,0,0,0,0,0,0,0,0
"Dysosmobacter_sp_BX15",0.00143627087814129,0.0307061718228918,0.00558404002479721,0.000337719164487241,0,0.0730668407993042,0,0.000753404763644646,0,0,0.0302061782057473,0.0119538591715387,0.0136321264913965,0,0.00344406204132842,0,0.00427037755095071,0.014982100916461,0.000104092338968615,0,0.183130543090661,0,0.0793765734113625,0.00490246364170862,0.000157166262392482,0.00419593223364382
"Coprobacter_fastidiosus",0.00351295270654344,0,0.000151884283406012,0.0078671684455681,0,0,0,0,0,0,0.000109586219445028,0,0.00316577890108691,0,0,0,0,0,0,0,0.0201879879845061,0,0.163694934866477,0.0135715494049208,0,0
"Coprococcus_catus",0,0.000101889915391399,0.000268956746494349,0,0,0,0,0,0,0,6.76866366399965e-05,0,0,0,0,0,0,0,0,0.00097541534323251,0,0,0,0,0,0.00374289924617616
"Butyricicoccus_sp_AM29_23AC",0,0,0.0381722414681812,0,0,0,0,0,0,0,0.00175048972507362,0.000730857187939413,0.0107269252407625,0,0.0012090580771716,0,0.00161580311962052,0,0,0.00376000834936065,0.00110869759986058,0,0.00220462348653608,0,0,0
"Dorea_sp_AF24_7LB",0,0,0,0,0,0.00011702388357714,0,0.00118270820405108,0,0,0,0.00193913577837036,0,0,0,0,0,0,0,0,2.24956125517661e-06,0,3.09432010217346e-05,0,0,0
"GGB2982_SGB3964",0.00426391988019394,0.000645596575157145,0.000811681787286508,0,0,0,0,0,0,0,0.000734888872107756,0.00202863128206745,4.55788178917981e-05,0,0.000225868291685213,0,0,0.00289895012638163,5.23867713810549e-05,0,0.00186319810051021,0,0,0,0,0
"Coprococcus_SGB4669",0,0,0,0,0,0,0,0,0,0,1.59320600821131e-05,0,0,0,0,0.000438263726573437,0,0.0001169188563347,0,0,0.000129794397251241,0,7.51881765680668e-05,0,0,0
"Faecalibacterium_SGB15346",0.0120939730862914,0.0139483764504391,0.0111479171722274,0.000501234657270362,0,0,1.04048466392832e-05,0.000316618439037025,0.000312905230459889,7.15844201313365e-05,0.0115674278415979,0.0202154931142153,0.0279695819970496,0.000113913827667885,0.0142275000786489,0.000479448292678984,5.08267081477156e-05,0.0323165451316909,0.00222309219765971,0.000564438885434371,0.0467445941133345,0,0.0588331677963687,0.000269341674241456,0.0027673256560138,0.0475357005547377
"Catenibacterium_SGB4425",0.0317582290400138,0,0,0,0,0,0,0,0,0,0,0.00380889788985341,0.000825814427827615,0,0,0,0.000829300416887596,0.00270604123046031,0,0,0,0,0.0040079484654117,0,0,0
"Clostridium_sp_AF34_13",0,0,0,0,0,0,0,0.00535212596279489,0,0,0.00127517389391117,0,7.76656793906868e-05,0,0,0,0,0,0,0,0,0,0,0,0,0.00486855861053313
"Eubacterium_ramulus",0.000155605540241922,4.96561119728514e-05,0,0,0,0.000308552276367374,0,0,0,0,9.00314575029298e-06,0.00117231067813686,0,0,0,0,0,0.000349993287161734,0,0,0.000129074539063659,0,0.000251557553362517,0,0,0.00295668408722491
"Clostridium_saudiense",0,0,0,0,0,0,0,0,0,0,0,0,0,0,0,0,0,0,0,0,0,0,0,0,0,0
"Alistipes_shahii",0.0881719356979326,0.502356380107144,0.00720447146527644,0.0171745084025923,0.000383848120184413,0.109676697327513,0,0.0159332326667961,2.88085716023025e-05,0.000398645196392564,0.0266497710700683,0.140244996712251,0.107711171648689,6.59865428747165e-05,0.189685541347685,0,0.253675477020382,0,0.00299145257207685,0.000708799660118743,0.0976161989852486,0.00139459721512387,0.000412946798114902,5.82240517915925e-05,0.00126262003152036,0.000109480475917796
"GGB80011_SGB15267",0.128684884577491,0.00322236364486017,0,0,0,0,0,0,0,0,0.0120710452724654,0,0.00137045823706862,0,0,0,0,0.00115483681633409,0,0.00867509452868345,0.00426365230803645,0,0.00201577884057978,0,0,0
"GGB9767_SGB15385",0.00753336069410139,0,0,0,0,0,0,0,0,0,0,0,0.000620363959944278,0,0,0,0,0,0,0,0,0,0,0,0,0
"GGB2653_SGB3574",0.00359843783480431,0,0.00159084196346211,0,0,0.000383565305114407,0,0.00206567086089034,0,0,0,7.20254067461932e-05,0,0,0,0,0,0.000226631824401771,0.00115747726281682,0.000338917917045961,0,0,0.000141396790380656,0.00335945769482831,0,0
"Clostridium_sp_AM33_3",0.00184838339971475,0,0.0024256392737862,0,0,0,0,0,0,3.14954157097823e-05,0.000661130739474555,0.000732536753986275,0.000423366698438488,8.54630067821486e-05,0.00546310365754225,0.00125648593208801,0,0.00202205604513789,0,0,8.61917797659894e-05,0,0.000261194863503218,0.00129792428208662,0,0.000506517252602753
"Blautia_massiliensis",0.00565264059276146,0.000210597072271625,0.000112229303868211,0,0,0,0,0.0255483085050832,0,0.0010188136660119,0.000960359204982734,0.00173072187296296,0,0,0.00221081693678656,0,0,0.00122628713943019,0,0.000392795584562364,0,0,0,0.0016314812000649,0,0.00367268135593575
"GGB9708_SGB15233",0.00241249170398871,0,0.000361799909603316,0,0,0,0,0,0,0,0.0186074830555733,0,0,0,0,0,0,0,0,0,0.0171552000053562,0,0,0,0,0
"GGB14025_SGB14906",0,0,0,0,0,0,0,0,0,0,0,0,0,0,0,0,0,0,0,0,0,0,0,0,0,0
"Lacrimispora_amygdalina",0.00215089284304283,0,0.000115862372761476,0.000360223956203516,0,0.00659026122274436,0.00359195221861601,0.000550903616457278,0.00985293159699949,0.00216971184436685,0.00263853373514582,0.0106386873229951,0.00206014381979645,0,0.0011721154392709,0.000437667702007897,0.000621345350185099,0.00545455117802728,0,0,0,0,0.000936842992025616,0.0034861664212565,0,0.0061526562505426
"Blautia_glucerasea",0,0,0,0,0,0,0,0,0,0,0,0,0.000625451342688498,0,0,0,0,0.000154345363615004,0,0,4.16731871647827e-05,0,0.000194066603752386,0,0,2.04651726758596e-05
"Bifidobacterium_catenulatum",0,0,0,0,0,0,0,0,0,0,0,0,0,0,0,0,0,0,0,0,0,0,0,0,0,0
"Agathobaculum_butyriciproducens",0.00485516475785874,0.000330508698343546,0.00802935383390158,0,0.00126233178140087,0.00114183338141504,0,0.00541785291770386,0,0.00212775536348931,0.000995169471261266,0.0015922383264487,0.00357843758983285,0.00014332406079699,0.0103590662536437,0.00160570183504535,0.00284265454344863,0.00566428946604825,0,0.00194399100943322,0.000153485809806347,0,0.000548811587862823,0.000563672042753657,0.000144372883333132,0.00651703303656767
"Alistipes_onderdonkii",0.0199746583099502,0.670385960368131,0.0221471101128484,0.00121305532632043,9.25352729418801e-05,0.0490789696421016,1.327925203733e-05,0.0592203160728134,3.15174770247691e-05,0.00083674324252598,0.0428282117170682,0.0983893527555767,0.0269301319912595,0.149181200522192,0.0570940638663167,9.82648961626485e-05,0.00159276968208327,0.0450445775916057,0.000976348982671524,0.000344222343165955,0.0117597911069891,0.00481405923042812,0.000921831761016901,0.173215418102417,0.000632039629431134,0.00378030578949028
"GGB80140_SGB15224",0,0,0,0,0,0,0,0,0,0,0,0,0.000705548853711023,0,0,0,0,0,0,0,0.000226066210682202,0,0,0,0,0
"Clostridiaceae_bacterium_Marseille_Q4143",0,0,4.8930225993032e-05,0,0,0,0,0,0,0,0.000155794986145367,0,0,0,0.000169902521575813,0,0,0,0,0,0,0,0,0,0,0.000303125691256009
"Parasutterella_SGB9260",0,0,0,0,0,0,0,0.00384560243296929,0.00076861308251294,0,0.00852759979931871,0.000188687886536482,6.15850556534208e-05,0.000199192843715054,0.000108493481385522,0.000104421118334465,0.0138493941226054,0.0271634015032115,0,4.34014763427132e-05,0,4.35701885531695e-05,0.0687683024225735,0,0.000252971449560205,0.151998435913496
"GGB33469_SGB15236",0.000813386896357771,0.00529382116232101,0.00145625813543324,0,0,0,0,0,0,0,0.000775882433946469,0,0.00378223046760447,0,2.40915416112562e-05,0,0,0,0,0,0.0041974599715433,0,0,0,0,0
"Turicibacter_bilis",7.5637513459825e-05,0,0.000216740683851037,0,0,0,0,0,0,0,0.00013746958040466,0,0,7.94915509359382e-05,0,0,0,0,0,0,0,0,0,0,0,0
"GGB79734_SGB15291",4.03141139676057e-05,0.0011655283970773,0.000183539069340884,0,0,0.000340868576112904,0,0,0,0,0.00222668904178943,0,0.00043889117624427,0,0,0,0,0.000781685505076597,0,0,0.000317549711088704,0.00277218906978151,0.00360660549330085,0,0.00289102867521035,0.00335967382512397
"Hydrogenoanaerobacterium_saccharovorans",0.00027131848680739,0,0.000271033369868604,0,0,0.000248215045010399,0,0.000252232239294692,0,0,0.00361697887303331,0.000338799433473346,0,0,0,0,0,0.00184163915100945,0,0,0.000752856747656495,0,0,0.0029164066616878,0,0
"Desulfovibrio_piger",0,0,0.0183705769952854,0,0,0,0,0,0,0,0,0,0.00215839165922154,0.000505991727125751,0,0,0,0,0,0,0,0,0,0,0,0
"Blautia_luti",7.55914156483493e-05,0,0,0,0,0,0,0,0,0,0,0,0,0,0,0,0,0,0,0,0,0,0,0,0,0
"Oscillibacter_sp_ER4",0.0259684125321981,0.229541776813534,0.156505628798833,0.00342909346396095,0,0.00158717978056711,3.26957469221614e-06,0.00125006634337327,1.63101356782575e-05,0,0.0828224489728869,0.00632088170064168,0.0245415199923021,0,0.00537955251934164,0.000165806201571688,0.0168803871635655,0.0485354638860638,0.000100391920934345,0.000356557166420671,0.151013329292955,0,0.0670333519906574,0.000439388638728846,0.00185607776379434,0
"Clostridiaceae_bacterium_Marseille_Q4145",3.33451957507548e-05,0,0,0,0,0,0,0,0,0,0,0,0,0,0,0,0,0,0,0,0,0,0,0,0,0
"Clostridiales_Family_XIII_bacterium_BX16",0,0.000159385709667507,0.000370437690469715,0,0,9.11061694547466e-05,0,0.00159765075810377,0,0,0,0.000483743778204106,0,0,0,0,0,0.000416338562478987,0,0,5.01719920516715e-05,0,0.00101521152714751,0,0,0
"GGB4578_SGB6328",0,0,0,0,0,0,0,0,0,0,0,0,0.000442688084987585,0,0.00346895751468851,0,0.0118693611923274,0.005954722764395,0,0,0.000736269107567076,0,0.0003661105646957,0,0,0
"GGB9713_SGB15249",0.000998297752320417,0.0931020119097592,0.00041217209378028,5.16548899453459e-05,0,0.00865304629994785,0,0,0,0,0.0133670683756646,0.00159197048260873,0.048584457406593,0,0.0228556392595765,0,0,0,0,0,0.098965742543826,0,0.0312159413309042,0,9.33747003961929e-05,0
"Klebsiella_pneumoniae",0.0161968221380694,0.0576208089946509,0,0.363700962186288,0.000192486929520125,0.0265873138493301,0.00015381580222008,0.000179305875917668,0.006710228998663,0.000233745488944474,0.000324621798671755,0.00032309794837638,0.000473555415805472,0,0,0.000151523346381677,0.00181306853346136,0.000822582147302188,0.00129058724194936,0,0,0.00101397982446525,0.00219420147072196,0.00424388604389536,0.000267551095138471,0
"GGB9602_SGB15028",0,0,0,0,0,0,0,0,0,0,0,0,0.000369817710095159,0,0,0,0,0,0,0,0.000469413874426507,0,0.00260319028387394,0,0,0
"Oscillospiraceae_unclassified_SGB15256",0.000257466181685594,0,0,0,0,0.110273894592535,0,0,0,0,0,0,0.0316990650244183,0,0.000273958946445925,0,0,0,0,0,0,0,0,0,0,0
"Roseburia_sp_AF02_12",0,0,0.000114125056520177,0,0,0,0,0,0,0,0,0,0,0,0,0,0,0.0159454047060056,0,0.0536268362038385,0,0,0.000177631071623219,0,0,0
"GGB9602_SGB15031",0,0,0.00101065154090557,0,0,0,0,0,0,0,0,0.000623581372391462,0.0106887016407177,0,0.000223605248352916,0,0,0,0,0,0.00298940947714571,0,0.00820592614426986,0,0,0.00128878684067664
"Waltera_intestinalis",0.000289081169415743,0.00870018208877532,0.0718804109200522,0.0017434082200898,1.16819237831553,0.0184085976239172,0,0.0590812790016581,0,0.00491211026583678,0.0391456047029887,0.00869085008370505,0.188130300524343,4.97299331500322e-05,0.0116726737111197,0.005926459198429,0.00252945928406081,0.139695413783607,0.00224301757411435,0.00026428261500478,0.000468109214949901,0.000661856666569272,0.0134162635824836,0.000503580580104373,0.000679306091668828,0.000363044292402715
"Dorea_sp_AF36_15AT",0,0,0,0,0,0,0,0.00533317588882355,0,0,0,0.000123943153876619,0,0,0,0,0,5.74342296953309e-05,0,0,0,0,0,0,0,0.000275318552591394
"Bilophila_wadsworthia",0.00478304425413146,0.00187743697206658,0.00400559551784026,0.00338079181225381,0.00782870017108052,0.00553386357868742,0.0556865702834267,0.0013159765888531,0.00311557251849656,0.05126983302174,0.034557502241271,0.029204846813719,0.00373748870820953,0,0.00505902194243734,0.00573047333069819,0.00360392639753762,0.00282394474246666,0.0144173123703046,0.000242194890564239,0.0244906414203641,0.0831734585840729,0.0168844105450631,0.0529233121056362,0.000330108477988358,0.000191908362606601
"GGB9677_SGB15180",0,0,0,0,0,0,0,0,0,0,0,0,0,0,0,0,0,0,0,0,0.00028880686912488,0,0,0,0,0
"Romboutsia_timonensis",0.000513532097980238,0.000977306978969044,0.00560829626093291,0,0.000259457300181049,0,0,0,0,0,0.000119949073016644,0,0.000446874525291778,0.000421314278257261,0.00187229292766012,0,0,0.00140046070718933,0.000708554536975511,0,0.000749527186316988,0,0.00199235169392568,0,3.33682918252444e-05,0
"GGB9559_SGB14969",0,0,0,0,0,0,0,0,0,0,0,0,0,0,0,0,0,0,0,0,0,0,0,0,0,0
"Clostridium_SGB4909",0,0,0,0,0,0,0,0,0,0,0,0,0,0,0,0,0,0,0,0,0,0,0,0,0,0
"Clostridium_SGB4751",0,0,0.00101452399016049,0,0,0.00146657177560978,0,0,0,0,0,0,0.000770898373115014,0,0,0,0,0,0,0.00073038184721201,0,0,0,0,0,0.00065353492510061
"Lachnospiraceae_bacterium_Marseille_Q4251",0,0,0,0,0,0,0,0,0,0,0,0.00022895658746046,0,0,0,0,0,0,0,4.04470931880885e-05,0,0,0,0,0,0.000228275673353275
"Bifidobacterium_longum",0.947819706898127,0.00346854496765395,0.000394112075563831,0.00469239462877088,0.00262285865000122,0,0,0.223458231827138,0,0.00569064023980688,0.00344362461126907,0.0163963141610221,0,0,0.002272095407619,0,0.00366564430161707,0,2.8183676663254e-05,0,0,0,0.000897435432365018,0,0,0.0154874486567575
"Negativibacillus_massiliensis",0.0020433743719286,0,0,0,0,0,0,0,0,0,0,0,0,0,0,0.00043697418360445,0,0,0,0,0,0,0.00302292844407486,0,0,0
"GGB9699_SGB15216",0.00127371761974202,0.0715412516974077,0.000592185568308059,0,0,5.18228990331838e-05,0,0.0254495651391203,0,0,0.015623012897716,0.0114574264279936,0.000869173502569665,0,0.000313703536765911,0,0.0101264392489168,0.00382276629015833,0,0.0228369114239195,0.00494286262228983,0,0.00104216337111403,0.00817799730009379,2.53770056645846e-05,0.0197522428502886
"Sutterella_wadsworthensis",1.17583232187863e-05,0.0103785219084926,0.00937368296621493,0,0,0.00213729699002409,0,0,0.000104600038486101,6.56432688828224e-05,0,0.00769720967406328,0.021719414294839,6.76098750976711e-05,0.00374392710437869,0,0.00023539598407013,0,0.0169010062436778,0,0,0.00142816334794238,0,0.00355067359915616,0,0.000167306693452533
"Clostridium_sp_AF27_2AA",0,0,0,0,0,0.000564962620174848,0,0.00390719870772632,0,0,0.000312104259636544,0.000144365832335589,0.00228907862944878,0,0.000552135179802504,0.00196881154358719,0.000193433992666189,0,0,0,0,0,1.29443271449269e-05,0,0,0
"Lachnospiraceae_bacterium_OM04_12BH",1.91644180452646e-05,0.00158910367720274,0.00234855584363429,0,0,0,0,0,0,0,0.000756535354251514,0,0.000297238762875521,0,0,0,0,0.000345434263975947,0,0,0.000141048140939874,0,0,0,0,0
"GGB9634_SGB15093",0.00309159306827119,0,0,0,0,0,0,0,0,0,0,0.00012636013454212,0.0262740921793167,0,9.18567761652242e-05,0,0,0,0,0,0,0,0,0,0,0
"GGB9293_SGB14250",0,0.0255914159720323,0,0,0,0.00106850077154866,0,0,0,0,0.0010095417442123,0.00135049594030629,0.0030043330653286,0,0,0,0,0,0,0,0.00056925917543586,0,0.000303882448168524,0,0,0
"Clostridium_SGB4750",0.00330769818662941,0,0.000604611440941671,0,0,0.000251408862163893,0,0.00175537491694673,0,0,0.000397368875146386,0.000586248973993963,0,0.00351166522976486,0.0015657431034561,0,0,0.000784221042741295,0.000252423858385774,0,0,0,0.000446751799372979,0,0,0.00500933208375552
"GGB9707_SGB15229",0.00614572467278194,0.00577245312234311,0.00708546029546252,0,0,0.00127940774854165,0,0,0,0,0.00672009263621501,0,0.00291984230288826,0,0,0,0,0.000495619426471077,0,0,0.0109431947091291,0,0.0150782856020673,0,0,0
"Roseburia_intestinalis",0.00331249606617153,0.000322158121376261,0.000149498458132158,0.0087682991703693,0.00294002986647634,0,0,0.00506336201822372,0,0,0.00638412737664935,0.0501471640314161,0.00459474684461367,0,0.00857230977339758,0.00988432684601256,0.000768495054443718,0.0302207405999415,0.000700132921627831,0.00854596235916463,0.000695917008786446,0.0753636814546933,0.00314540752127867,0.000949308322140143,0,0.0124560516017067
"GGB9608_SGB15041",0,0.000219353029618441,0,0,0,0,0,0,0,0,0,0,0,0,0,0,0,0,0,0,0,0,0,0,0,0
"Oscillospiraceae_bacterium",0,0,0,0,0,0,0,0,0,0,0,0,0,0,0,0,0.11284130346298,0,0,0,0,0,0,0,0,0
"GGB9760_SGB15374",0.000184562476165743,0.00177555310778304,0.000930796041679911,0,0,0,0,0,0,0,0,0,0.00316756267042082,0,0.00133897741273835,0,0,0,0,0,0.00115002895259759,0,0,0,0,0
"Butyricimonas_paravirosa",0,0,0,0,0,0,0,0,0,0,0,0,0,0,0,0.0123521728531239,0,0,0,0,0,0,0,0,0,0
"Alistipes_communis",0.124690164091221,0.0464717928715217,0,8.96064435805284e-05,0,0.00579759928120765,0,3.80848351067274e-05,0,7.05494031378122e-05,0.0233482757563378,0.0830944009404977,0.00820812050288689,0,0.0152093858412052,0,0.0777940792596057,0.0515686566597635,8.11144949490341e-05,0,0.151333618727577,0.000157553538126504,0.00160344658374225,0.000438985604307682,0.000349169388688322,0
"Bifidobacterium_adolescentis",7.09053446119447e-05,3.41042216066971e-05,3.14531539492298e-05,0.000401174028997906,0,0,0,0.209982607685698,0,0.00189117251778039,0.00275146343074939,0,0,0,0,0,0,0,0,0,0,0,0,0,0,0
"Prevotella_copri_clade_C",0,0.000436380665044294,0,0,0,0,0.000240496307879062,0,0.00360256550091996,0,0,0.00020245510746871,0,0,0,0.00188803026557127,0,0.000354834831385067,0,7.1366007206913e-05,0,0,0.000290718473145598,0,0,0
"Bifidobacterium_bifidum",0,0,0,0,0,0,0,0,0,0,0.00457459621727902,0,0,0,0,0,0,0,0,0,0,0,0,0,0,0
"Ruminococcus_callidus",0,0,0,0,0,0.00143623062126597,0,0.03779973993818,0,0,0,0,0,0,0,0,0,0,0,0,0,0,0.000574709552040253,0,0,0
"Prevotella_copri_clade_A",0.00508924576704621,0.0612146435265773,0.520946448994371,0.0216312625531343,0.00010793692693761,0.000141537098048245,0.0032063900792439,0.00372028418124098,0.0248779193339007,0.00081957610693016,1.84959916752503,0.00451022499367021,0.172202293379493,0.000571244358662652,0.012668643553365,0.00284077695747162,0.00487486310408766,0.452232731967079,0.00476628494689226,0.000975703600815816,0.000195833624606774,0.0162134030629096,0.00550702989511178,0.000613857714716566,0.00103656942254399,0.000851508050284517
"Collinsella_aerofaciens",0.00483592628787018,0.00235417645561031,0.00272803677661311,0.000137472908651072,0,0.00082680936309031,0,0.185671355153394,0,0,0.00265133636388186,0.00218187037740123,0.000404880190435482,8.09495727338076e-05,0,0.00706885473694137,0,0.00626240413497757,0,0,0,0,0.00141771663027146,0,0.000128363985040899,0
"Gemmiger_formicilis",0.00561964583759659,0.0152276349118813,1.6862116455592e-06,0.00543316029451248,0,0,0,0,0,0,0.0204831907751056,0.104791323833391,0.000297785638874015,1.5011767093043e-05,0,0.00622443067705116,4.87314602796903e-05,0.0312047474705574,0,0,0.0128282078231955,0,0.0138257647977188,0.0270441155363029,0,0.0588218417093877
"Bacteroides_thetaiotaomicron",0.0109244124413163,0.099004310791478,0.0660456116752787,0.0820505302071838,0.000101264813150147,0.00609724322836405,0.118281859622806,0.00245190618278574,0.0358754282324308,0.0461091226125626,0.00718446447195701,0.0145544001156276,0.0178908225074192,0.000896959207512294,0.0102730698381027,0.000304025820044513,0.0810979460187927,0.290895742561803,0.094998956162658,0.0010985978760802,0.0208489184741703,0.00204934033213877,0.033299656546644,0.196769869965955,0.232765482536606,0.199274771538561
"Bacteroides_fragilis",0.00112232754842928,0.10877186806648,5.44635018460074e-05,0.00156201247851745,0.585390112598372,0.00608534001931186,2.59569384163859,0.000306926208746843,0.0974526376493412,0.0676860006869396,0.000275077692719431,0.22544865516938,0.0165553742157586,0.529285715488807,0.00213059381591032,0.000935326811751237,0.000622665518226436,0.0569426968629042,0.0849698232787729,0,0,0.0450805220074797,0.000789817110470236,0.00106087594867856,0.0745081483441399,0.248158844994798
"Holdemanella_porci",0.00244152962609772,0,0,0,0,0,0,0,0,0,0.00154635562752827,0,0,0,0,0,0,0,0,0,0,0,0,0,0,0
"GGB9760_SGB15373",0.000639543937610194,0.00307487062666487,0.00032555873320809,0,0,0.000136338527087651,0,0,0,0,0,0,0,0,0,0,0,0.000294088553510078,0,0,0.000120041912430876,0,0.00168709940411397,0,0,0.00148517189275082
"Anaerotignum_faecicola",0.00465059194412041,0.00764922355130924,0.00467858455454989,0,0,0.0250314065966823,0,0.00353080176098669,0,6.40123278035057e-05,0.000156166870880254,0.00881686498747206,0.00337919404855803,0,0.000434270520247529,0,0,0.0106296958553179,0,0.0197996659249388,0.00240900474459119,0,0.00632425338549115,0,0.000309853751429929,0.0262081709415512
"GGB13493_SGB15238",0,0,0.000786901767324207,0,0,0.000176920684880273,0,0,0,0.00261798017340238,0,3.75293145286027e-05,0.00236747844011315,0,0,0,0,0,3.30083001149117e-05,0,0.00302108292304283,0,0.0120309541252021,0,0,0
"GGB9642_SGB15119",0,0,0,0,0,0,0,0,0,0,0,0,0,0,0,0,0,0,0,0,0,0,0,0,0,0
"Senegalimassilia_anaerobia",0,0,0,0,0,0,0,0,0,0,0,0,0,0,0,0,0,0,0,0,0,0,0,0,0,0
"GGB34797_SGB14322",0,0,0,0,0,0,0,0,0,0,0,0,0,0,0,0,0,0,0,0,0,0,0,0,0,0
"Holdemanella_biformis",0,0,0.000439224228977366,0,0,0,0,0,0,0,0,0,0,0,0,0,0,0,0,0,0,0,0,0,0,0
"GGB9759_SGB15370",0.000488625647435963,0.000878920683314189,0.000194315554292848,0,0,0,0,0,0,0,0.00127003661538482,0,0,0,0,0,0,0.00366879500071181,0,0,0,0,0.000575561637647253,0,0,0
"Alistipes_senegalensis",0.000111372302283336,0,0.00262056938097825,0,0,0,0,0,0,0,0,0,0.00876588875750733,0,0.0256195610553321,0,0,0,0,0,0.01465463768078,0,0,0,0,0
"Ellagibacter_isourolithinifaciens",0,0,0,0,0,0,0,0,0,0,0,0,0,0,0,0,0,0,0,0,0,0,0,0,0,0
"Desulfovibrio_SGB5076",0.000295733357227569,0,0,0,0,0,0,0,0,0,0,0,0,0,0,0,0.00079872518628517,0,0,0,0,0,0.000304985189745784,0,0,0
"GGB33928_SGB15225",0.00260408841960416,0.0190857868398623,0.00222702475011288,0,0,0,0,0,0,0,0.00116292969947121,0.0224846772858276,0.000452496314695547,0,0,0,0,0.0194865259320553,0,0,0.00337698381246697,0,0,0,0,0
"Alistipes_indistinctus",0.00400878101984446,0.0503871580223063,0.0256322836519467,0,0,0.00312261266356151,0,0.0030198609136968,0,0,0.0272713051025898,0.00413544997243545,5.43280337509155e-05,0,0,0.000162944581942988,0,0,0,0,0.00321810563335832,0,0.00105883984525397,0.0562594909709599,0.00988234985775458,0
"Slackia_isoflavoniconvertens",0,0,0,0,0,0,0,0,0,0,0,0,0,0,0,0,0,0,0,0,0,0,0,0,0,0
"Ruminococcus_sp_AF41_9",0,0,0,0,0,0,0,0,0,0,0,0,0,0,0,0,0,0,0,0,0,0,6.16664010068343e-05,0,0,0
"Streptococcus_parasanguinis",0.000318687947215916,0.00222124844097703,0.000135025440972302,0,7.21031698768406e-05,0.00385837114244936,0,0.000586289979318169,0,7.85281300818978e-05,0,0,0,0,0,0,0,2.23419501657778e-05,0,0,0,0,0,0.000164927427362448,0,0
"GGB9627_SGB15081",0.00277255851705808,0.00109925513203911,0.000123309075865232,0,0,0.00128138242013165,0,0,0,0,0.000230385323473785,0.00408282707313218,0,0,0,0,0,0.0024661481934142,0,0,0.00124196157861377,0,0,0,0,0
"Clostridiales_bacterium",0,0.000332483415760671,0.00149421936251284,0,0,0.000878416750409825,0,0.00411368738441041,0,0.0503376132304135,0.000229904826795984,0,0.000384877244313428,7.42629546865405e-05,0.00880393653618917,0.00495682367659224,0.000456896054334239,0.00011758172714823,0.00158016229068556,0,5.35386538297548e-05,0,0.000811758062771134,0.0137050528741626,0,0.0100860150819666
"Eubacteriales_unclassified_SGB15145",0,0.000274092452114875,0.000924665835101494,0,0,0,0,0,0,0,0,0,0,0,0,0.0229418535558445,0.00123047674167661,6.00748599042457e-05,0,0,4.74282476601507e-06,0,0,0.00151801425511765,0,0
"GGB80011_SGB15265",0.024173260721143,0.000915359560951619,0.0131801883220259,0.000353414783004948,0,0.0140265177918361,0,0.000101553547130854,0,0,0.114290028857386,0.010933866318642,0.0180530269879445,0,0.000646574133821204,0,0.00626443580805235,0.0226391722541495,0,0.000417270308729926,0.00839162352919384,0,0.0603108142483465,0.000548207117697293,0.000659452235092686,0.0139369251796608
"Gemmiger_SGB15299",0,0,0,0,0,0,0,0,0,0,0.000189885792772192,0,0,0,0,0,0,0,0,0,0,0,0,0,0,0
"GGB2998_SGB3988",8.95752752193546e-05,0.000399650748673907,0.0010459037480519,0,0,0.00167760015393646,0,0,0,0,0.000180636126126162,0,0.0048937867964234,0,0.000196081707022225,0,0,0.00314003894012217,0,0,0.00401229540544236,0,0.00265163263409465,0.00643481044643763,0,0
"GGB9614_SGB15049",0,0.000223421731881553,0.000638748855515128,0,0,0,0,0.000720496299130822,0,0,0.000136861607231138,0,0.000495006398976397,0,0.0095999415175645,0,0.00269803518475744,0.00234576077399733,0,0.0386516916368696,0,0,0.000112679430757549,0.00304217389277187,0,0.00881283716016188
"Rheinheimera_SGB14999",0.00638320225344613,0.0010397923181022,0.00114208282445674,0,0,0.000916911337175033,0,0.00216623207473725,0,0,0.00250422366847301,0.000467859345336574,0.00228663572537581,0.000641409174943143,0.00253471112459647,0.00212016355685463,0.00346859887818249,0.000542934296693501,5.70124817880738e-05,0.000590365943268181,0.00182633106038003,0.00656277534243691,0.00127003699633154,0.00204743450903636,0,0.00262729757417793
"Vescimonas_coprocola",0.0125154019182234,0.0402152863755325,0.00281771908390324,0.000312736646218956,0,0.00010163052628668,0,0.116115972838833,0,0,0.00185291564823708,0.0758351108882737,0.00309305792586787,0.000152169238672648,0.00675262913481153,0.00170906486075115,0.00531235101525033,0.00652212218271426,0.00066257597418691,0.0896954681329285,0.0114649756130714,0.000538954419006432,0.0547654479781345,0.00309534234887629,0.000551256728877345,0.0242126639445965
"Flavonifractor_plautii",0.000236417774412555,0.000707473805277802,0.00314012993396394,0.00836351930916749,0.0959520274020025,1.87875612146154e-05,0.000454379436205944,0.0981676807803786,0.0642472768378945,0.0972344610111573,0.000189388834792182,0.000762984932451675,0.000175028191372701,0.00168681436693129,0.0037202528652173,0.00954779480974843,0.00155760051399605,0.000347916067337233,0.00251742073461546,0.055839732394442,0.00189787442903582,1.31596192919913,0.00335592519722091,0.048496255466542,0.00777313970178848,0.00179239095690189
"Collinsella_SGB4121",0.00180518154919143,0.00166569230495598,0.00153014515117892,0.000625079523704396,0,0,0,0.00470669214330645,0,0.0117272483434562,0.000599048921097306,5.1429758253739e-05,0,6.40275484891734e-05,0.014430344383442,0.00271113111318873,0.000151544438259554,0,0.000412364161703323,0.00395993718684689,0.00366230623646055,0,0.00587322386169943,0,0.000453806546797216,0
"Veillonella_dispar",0.000466114048310015,0,6.53107052837702e-05,0,0.00943761697961048,0.00258771729832969,0,0,0.000965523069071758,0.00020326903312927,0,0,0,0,0,0.000242833373763043,0.000999177196256591,0.000660952629150997,0,0.00024156816806356,0,0,0,0,0,0
"GGB9616_SGB15051",0,6.39599968461412e-05,0.000735555924291947,0,0,0,0,0,0,0,0,0,0.00440640091689286,0,0,0,0,0.0075127753578772,0,0,0,0,0.0030048439225872,0,0,0
"Anaerotruncus_colihominis",6.29910581839526e-06,0.000304626212554899,0,0.000816209638651102,0,9.29669831509953e-05,0,0.0192763500884487,0,0,0,0.00118857940654225,0,7.72683398255638e-05,0,7.72584935593329e-05,0,4.15400685475205e-05,0,0.00133641020358916,0,0,0.000745831537161497,0.00432973327053681,0,3.90135535587677e-05
"Rothia_mucilaginosa",0,0.000587574231974099,0,0,0,0.000243996238792453,0,0,0,0,0,0,0,0,0,0,0,0,0,0,0,0,0,0,0,0
"Veillonella_parvula",0.000606693609182217,0.00555638313320095,2.0995844160753e-05,0,0.0211858769948896,0.00649015642037035,0.0242007623849257,0,0.0153789973507149,0.000319177877586191,0.00289140018030785,2.65653116404302e-06,0,0.000750606629916137,0.00379785891082708,0.00091733346715345,0.000696616025454924,0.000107636299816628,0.00011933996337557,0.00391396089855355,0,0.0291011754770427,0,0,0,0.000415377632660682
"Faecalibacterium_SGB15315",0.0016397931050643,0,0,0,0,0,0,0,0,0,0,0,0,0,0,0,0,0.000606837029538648,0,0,0,0,0,0,0,0
"Gemmiger_SGB15295",0,0.00748890056821555,0,0,0,0.000976006787029353,0,0,0,0,0,0,1.08301761325179e-05,0,0.0205497791928268,0,0,0,0,0,0.000529087306968988,0,0.000130712674009796,0,0,0
"Phocaeicola_SGB6473",0,0,0,0,0,0.00764286744626335,0,0,0,0,0,0,0.00297585653455846,0,0,0,0,0,0,0,0.000638126852257797,0,0.0126571710711436,0,0,0
"Dysosmobacter_welbionis",0.000729046022385371,0.00494109726367935,0.0101459009151011,0.000424042453150416,0,0.00103128250476108,0,0.0460258597483701,0,0,0.00782265981312669,0.000616427645458417,0.00215283255377269,0.000880235951069637,0.0115642102316145,0.0198087448048379,0.0086730806884431,0.0020695660341301,0.00882775226336272,0.071238067952292,0.00254539906296251,0,0.0276065617212941,0.0834473767752687,0.0015215891074467,0.0177972297275462
"Clostridium_leptum",0.00279456170926788,0.000217485498622696,0.00257527919741114,0,0,0.000300611684481643,0,0.000910618261684964,0,0,0.0010840769332714,0.000522812734670404,0,0,0,0,0,0,0.00958420251421758,5.54040470587042e-06,0,0,0.0156612443809584,0.0251437715036005,0,9.27814468880711e-05
"Streptococcus_infantis",0,0,0,0,0,0,0,0,0,0,0,0,0,0,0,0,0,0,0,0,0,0,0,0,0,0
"Veillonella_atypica",0.00191156336723862,0.000116827597823095,0.000160660384398881,0,0.0405640018576808,0.00720437532101402,0.0129689266146813,0,0.000947337542815085,0,0.000553558176116487,0,0,0,0,0.00130726553518971,0.000942270358306511,0,0,0,0,0.00124941515425646,0,0,0,0
"Eggerthella_lenta",0.002338956021437,0.00066303375944662,0,0,0,0,0,0.00727988348536947,0,0.001786537135241,0,0.000425100607770123,0,0,0,8.10091237816394e-05,0.000132036177119547,0.00013425266174841,0,0.00259167796252383,0,0,0,0.00125042374635547,0,0.00195616908171309
"Bifidobacterium_pseudocatenulatum",0.130630561496366,0,3.89198715444267e-05,0.00416697998691068,0.00436295952857702,0,0,0,0.000944179236701906,0.00145042828743075,0.00032207868183625,0.0369978046163873,0,0.000107157965409313,0,0,0.000771085252233297,0,0,0,0.000786603484454499,0,0.00210997248222461,0.0405000241897642,0,0.00325330383031757
"GGB3278_SGB4328",0,0.00203663212695268,0.066014242688695,0.000620077711672535,0,0,0,0,0,0,0,0,0.00129189288179236,0,0,0,0,0,0,0,0,0,0,0,0,0
"Prevotella_stercorea",0.000227236736066224,0.00013993067963367,0.447965989468479,0.00100831472508742,0,0,0.000543505575891,0.000304335068874024,0.0042670308395502,0,0.00011363086934954,0,0.507978157006851,0.000213568425032894,0.0312529061197435,0.000206584910665786,0.000843083339018295,6.86519690485451e-05,3.12186432521893e-05,0,0,0.00381646662794297,0,0,0,0.000165317286703213
"GGB3304_SGB4367",0.00646632923948241,0.00117014033179261,0.00019643592050191,0.000162805265750054,5.20722826498292e-05,0.000213919558815313,0,5.70124931903698e-05,0,0.000505991676529416,0.0780858493702338,0.631469606911201,0.0549498247202055,0,0.00261127584040873,0,0,0.00933497535153185,0.000626694394636586,0.00010628430421569,3.00390357476872e-05,0,0.000373485860690938,6.40299674721638e-05,0.000285683452150677,0
"Phascolarctobacterium_succinatutens",0.000191117042638633,0,0,0,0,0,0,0,0.000900368016281852,0,0,0,0,0,0,0,0,0,0,0,0,0,0,0,0,0
"Phocaeicola_plebeius",0.214317574565113,0.000656173934032711,0.0571445144513255,0.074584032991134,5.46386977203767e-05,0.302671294771486,1.55643982004137,0.0497055337411737,0.00102929169702833,0.000368105460994283,0.159162023539215,0.000513912636720382,0.032651627084443,0.00229004853177701,0.00354997648732957,0.545035941011552,0.421685372785049,0.000722884561752614,0.0034372915457917,0.0034904429767077,0.0177987018496773,0.0066056009764503,0.0065322616476238,0.00244114520787839,0.00873472766907657,0.00100395739900348
"Lachnospira_pectinoschiza",2.46724814827619e-05,1.11665986866579e-05,0.0146240618810116,0.00045532143953872,0,0.000467480007784731,0,0.00188902221374221,0,0.00161638226391146,0.00603721385062588,0,0.00257761538554435,0,0.0121393269342561,0,0,0.00757531447422194,0,0,0,0,7.86943550657911e-05,0,0,0
"Anaerobutyricum_soehngenii",6.63522879459687e-05,0,0,0,0,0,0,0,0,0,0,0.00118437427264521,0,7.96234064019574e-06,0,0,0,0,0,0,0,0,0.000339567875587898,0,0,0
"GGB51647_SGB4348",0.0213994770315466,0.0181606655906656,0.0842147574323028,0.00173510503572612,0.000158054623615606,0.0131890858602406,7.03075225054131e-05,0.000237652441267202,6.60250692883288e-06,0.00190590885977615,0.29031359932417,0.00140432864735947,0.0510243514709672,5.57576742438992e-05,0.00456066030405341,2.4329503523718e-05,0.000554301958168855,3.86804038629152e-05,0.0014591177852957,0.000782053177351177,0.0390198189205056,0.000785957918996753,0.00087798816195316,0.00538796934134598,0.00164177729829892,0.000186338545438665
"Butyricimonas_faecihominis",0.00427061303959514,0,0,0.00583501762059111,0,0.00358582867714153,0,0,0,0,0,0,0.000786056157574044,0,0,0,0,0,0.00232967672530279,0,0.0015234938927154,0,0,0,0,0
"GGB3109_SGB4119",0,0,0,0,0.00103021696065389,0,0.000874742330080703,0,0.000657599054450797,0,0,0,0.00146169698631604,0,0,0,0,0,0,0,0,0,0,0.00155755691346606,0,0
"Lawsonibacter_asaccharolyticus",0.00130618807155096,0.000483127239699384,0.000258508050463815,0,0,6.19479115380662e-05,0,0,0,0,0.00383650193982741,0.000472453642370355,2.98998248102187e-05,0,0.00301136339527976,0,0,0.000352789662260419,5.94090597343094e-05,0.0071645951604021,0.000198898626252219,0,0.000449393970631204,0,0,0
"GGB9621_SGB15073",0,0,0.000197940489552446,0,0,0,0,0,0,0,0,0,0,0,0,1.54699910000415e-05,0,0,0,0,0,0,0,0,0,0
"GGB6569_SGB9281",0,0,0,0,7.05243525635264e-05,0,0,0,0,0,0,0.000331084673854841,0,0.0295893710943734,0,0,0,0,0,0,0,0,0,0,0,0
"Dysosmobacter_sp_NSJ_60",0,0.000602268680501785,0.00122765956049958,0,0,0,0,0.000129259635488097,0,0,0,6.32634738875993e-05,0.000491950789590887,0,0,0.000484155490769553,0.00321170542276191,0.000400012118997476,0.00047429756682258,0,1.72574603434251e-05,0,0.00199366708756374,0.00324650469295625,0.000172988973482603,0.000971355255320969
"Intestinimonas_butyriciproducens",5.66916122187184e-05,0.000932251121775169,0.000525478546123677,0,0,2.85428102166674e-06,0,0.00407736307999857,0,0,0.000184055546415325,0,0.000232578009150166,0,6.50014921064257e-05,0.00347545280509332,0.00133865755905022,0.000253999379776852,0,0.00139975110927055,0.00048175022823203,0,0.000817860011677234,0.00112739976292404,0,0.000428387711986393
"Enterocloster_citroniae",0.000366043655040208,8.40941842466359e-05,2.60553370090436e-05,0,0.031905096529247,0,0,7.71930056539009e-05,0,3.50257721026255e-05,0.000490824053785409,0.00261304575617549,0,0,0,0,0,0.000463009724606919,0,0.000448896028468413,0,0.00729001601166809,0.000322840177867678,7.33595590321399e-06,0.0109152860455838,2.32743225706988e-05
"Hungatella_hathewayi",1.59023958027328e-05,0.00157617102765572,4.61157175094772e-05,0,0.00660163242827817,0.000784868840043672,0,0.0027709604818142,0,0,0,0.00344853779925089,0,0,0,0,0,0,0,0.00800865641005574,0,0.0309941123579624,0.000294925006235178,0,0.000330200760661381,0
"GGB9708_SGB15234",0.000388487430505162,0.00883566670559706,0,0,0,0.00356699113642204,0,0,0,0,0,0.00895514757105786,0.00586692214362668,0,0,0,0.00540114008106215,0,0,0,0.0193431187390899,0,0.056152781664159,0,0,0
"Enterococcus_faecium",0,0,0,0,0,0,0,0,0,0,0,8.58128717526387e-05,0,0,0,0,0,0,0,0,0,0,0,0,0,0
"Faecalibacillus_faecis",0,0,0,0,0,0,0,0,0,0,0,0,0,0,0,0,0,0,0,0,0,0,0,0,0,0
"Clostridium_sp_NSJ_42",0,0,0,0,0,0,0,0,0,0,0,0,0,0,0,0,0,0,0,0,0,0,0,0,0,0
"Streptococcus_gordonii",0,0.000240181778805387,0,0,0,0.000563701217765678,0,0,0,0,0,0,0,0,0,0,0,0,0,0,0,0,0,0,0,0
"GGB9524_SGB14924",0,4.21449517458296e-05,0,0,0,0,0,0,0,0,0,0,0,0,0,0,0,0,0,0,0.00154524729296646,0,0.000787816328741892,0,0,0
"GGB3321_SGB4394",3.47913495003228e-05,0,0,0,0,0,0,0,0,0,0,0.000190205977744059,0.00222284330438987,0,0.00142852148271897,0,0,0.00270405080018887,0,0,0.000153244534667436,0,0.00266678982054107,0,0,0
"Streptococcus_mitis",0,0,0,0,0,0,0,7.13286560461605e-05,0,0,0,0,0,0,0,0,0,0,0,0,0,0,0,0,0,0
"Enterocloster_aldenensis",0,0.000935987167894895,2.18924813795196e-05,0,0,5.72368959580363e-05,0,0,0.000963202464000131,0.000183308365639979,0,0.0026824213561529,0,0,0,0.000207451722432545,0,0,0,0.00172975643791655,0,0,0,0.000528415391802341,0.0157749830435148,0
"GGB9534_SGB14937",0,0.000128440603796669,3.81527086397371e-05,0,0,0,0,9.92207151583006e-05,0,0,0.000575766025647828,6.32919290802598e-06,0.000201069252729491,0,0,0,0.000103103442268079,0,0,0,0.0101755288109201,0,0.0128092066431573,0,0,2.81999040602504e-05
"Streptococcus_australis",0,0.00030165266811564,0,0,0,0,0,0,0,0,0,0,0,0,0,0,0,0,0,0,0,0,0.000126089890767413,8.96540765218355e-05,0,0
"Ruthenibacterium_lactatiformans",0.00241315405410301,0.0453110745475458,0.00995225089378657,0.0831104925153996,0,0.00054811967024596,0,0.0325015451409536,0.000165135700848212,0.112888398204643,0.000981214252733215,0.0274995286147195,0.000631122446603307,6.27700415634345e-05,0.000662573796479872,0.00574115387542545,0.00419279655407428,0.000723915227226145,0.00541445013604837,0.00511301848733755,0.0036305013732693,0,0.00465878504390002,0.00154135241342135,0,9.54603152115399e-05
"GGB9595_SGB15019",0,0,0,0,0,0,0,0,0,0,0,0,0.00366087640169974,0,5.66867335752271e-05,0,0,0,0,0,0.0037982303605646,0,0.0264597653173373,0,0,0
"Gemella_sanguinis",0,0,0,0,0,0,0,0,0,0,0,0,0,0,0,0,0,0,0,0,0,0,0,0,0,0
"Enterocloster_bolteae",0.00186002232468028,0.00299809247432054,0.000688656117748193,0.00895162580201165,0,0.00102887557069878,0.000736550117730455,0.00191164779040255,0.0257468648619999,0.0170995163310503,3.90180812527712e-05,0.00357324218695901,0,0.00259868156219098,0,0.00334407306818565,0,0.000117781242990355,0.000754799538645645,0.00407287766884025,0.000172951058201161,0,0,0.00280740528093522,0.0195879676533842,0.000144903894474798
"Clostridium_butyricum",0,0,0,0,0.00654234210685316,0,0,0.000103724072619676,0.00223040973850278,0.000173500453167433,0,0,0,0,0,0,0,0,0,0.000392377155630861,0,0.00867532687182161,0,0,0.000207014327648993,0
"Lacrimispora_saccharolytica",0,0,0,0,0.00103895713332788,0,0,0,0,0,0,0,0,0,0,0,0,0,0,0,0,0,0,0,0.00178953886220609,0
"Streptococcus_vestibularis",0,0,0,0,0,0,0,0,0,0,0,0,0,0,0,0,0,0,0,0,0,0,0,0,0,0
"Allisonella_histaminiformans",0.00956413517678099,0,0.00399028990660944,0,0.000552533021757533,7.69007122379228e-05,0,0,0,0,0,0,0,0,0.00101281536997878,0,0,0.000624257950075979,6.63989358549007e-05,0,0.000574453945655647,0.00146942447652413,0.000244621832718605,0,0,0
"Enterococcus_faecalis",0,0,0,0,0,0,0,0,0,0,0,0,0,0,0,0,0,0,0,0,0,0,0,0,0,0
"GGB9770_SGB15390",0,0,0,0,0,0,0,0,0,0,0,0.00104060948595592,0,0,0,0,0,0,0,0,0,0,0,0,0,0
"GGB47687_SGB2286",0,0,0,0,0,0,0,0,0,0,0.00615040890925619,0,0,0,0,0,0.183889262540462,0,0,0,0.00471125811069022,0,0,0,0,1.04979336284838e-05
"GGB9619_SGB15067",0,0,1.73395139277061e-05,0,0,0,0,0,0,0,0,0,0,0,0,0,0,0,0,0,0,0,0.00171181437647769,0.00209661917025114,0,0
"Streptococcus_anginosus",0,0,0,0,0,3.26203529036101e-06,0,0,0,0,0,0,0,0,0,0,0,0,0,0,0,0,0,0,0,0
"Clostridium_symbiosum",0,0.00154672943569878,0,0,0,0.000140633905131073,0,0.0140441167288946,0,0,0,0.00617820151557948,0,0,0,0.000755184797997787,0,0,0,0.00504147891590248,0,0,0,0,0.00672326474999,0
"Eisenbergiella_tayi",0,0.000491638744169398,0,0,0,0,0,0.0113466490593308,0,0,0,0.000371063518416108,0,0,0,0,0,0,0,0.000207460250582667,4.95172025939314e-05,0,0,0,0,0
"Granulicatella_SGB8255",0,0,0,0,0,0,0,0,0,0,0,0,0,0,0,0,0,0,0,0,0,0,0,0,0,0
"Clostridium_scindens",0,0,0,0,0,0,0,0.0016846904887276,0,0,0,0,0,3.32491760980437e-05,0,0,0,0,0,0.000553505339013473,0,0,0,0,0,0
"GGB9719_SGB15272",0,0,0,0,0,0,0,0,0,0,0,5.2272033065348e-05,0,0,0.0040871754804157,0,0,0,0,0,0,0,0,0.00174364196019586,0,0.00320190726960115
"Clostridium_SGB6179",0,0,0,0,0,0,0,0,0,0,0.000537918997195936,0,0,0,0,0,0,0,0,0,0,0,0.000231513358308389,0,0,0
"Bacteroides_nordii",7.8165448241523e-05,0.00022595427766836,0.00055868371478761,0.00108168089444809,0,0.00077514204786388,8.14185781294655e-05,0.000402025501860618,0,0,0.000647760263549429,0.00232858607376845,0.00110974100185977,0,0.00290373769290875,0,0.000834227683667089,0.020598558634237,0.00472957971192584,0,0.000636530512202159,0,0.0135765110131478,0.00162020884856709,0.0288379286807479,0
"Erysipelatoclostridium_ramosum",0,0.000350351014073612,0,0,0.000915999654705828,0,0,0.00211598179155271,0.000303780344811542,0,0,0.000415480659862371,0,0,0,0,0,0,0,0,0,0.00190294972519265,0,0,0.000718807738014189,0
"GGB9593_SGB15015",0,0.00158187038923282,0,0,0,0.00306785581336596,0,0,0,0,0,0,0.00039993507005204,0,0,0,0,0,0,0,0,0,0,0,0,0
"GGB9453_SGB14845",0,0,0,0,0,0,0,0,0,0,0,0,0,0,0,0,0,0,0,0,0,0,0,0,0,0
"Anaeromassilibacillus_sp_An250",0.00401365674825535,0.000273628779659818,0,0.000355959459495133,0,0,0,0,0,0,0,0,0,0,0,0,0,0,0,0,0,0,7.82871530690321e-05,0.000124873805040591,0,0.000589798350789416
"Bifidobacterium_dentium",0.00125993704533485,0.000313551055075597,0,0,0,0.00258734550234433,0,0,0,0,0,0,0,0,0,0,0,0,0,0.000537901256288914,0,0.0412528692256106,0,0,0,0
"Ruminococcus_sp_AF46_10NS",0,0,0,0,0,0,0,0,0,0,0,0,0,0,0,0,0,0,0,0,0.000511118668902026,0,0,0,0,0
"Ruminococcus_sp_BSD2780120874_150323_B10",2.91750443634259e-05,0.000353856712718296,0.000952076987726555,0.000926517372806492,5.66915668656372e-05,0.000123696133324778,0,0.000255215593833469,0,0.00142933598934845,0.0171047373977691,0.000218201157626202,0.000272666706980505,0.000122886156645306,0.000638233235870813,0.0143337126032222,0.000435889949408512,0,0.000762499843512883,0.101479641733817,0,4.73283843272243e-05,0,0,0,0.25547169147096
"GGB3175_SGB4191",0,0,0,0,0,0,0,0.00282013130613126,0,0,0,0,0.000258217674233643,0,0,0,0,0,0,0,0.00157459171234231,0,0,0,0,0.0132019641964338
"GGB4566_SGB6305",0,0,0,0,0,0,0,0,0,0,0,0,0,0,0,0,0,0,0,0,0,0,0,0,0,0
"Eubacterium_sp_AF34_35BH",0.0103636896087398,3.24845483997724e-05,0.0128186134162459,0,0,0,0,0,0,0.0168806627885574,0,0,0.000135331973452541,0,0,0,0.00605472888505248,0,0,0,0.000496418104121593,0,0.00442744778620912,0,0,0.00572002578994641
"Parabacteroides_goldsteinii",0.00339188721697239,0.00310872926807701,0.000324456299209493,0,0,0.00524532480103029,0.0578728147826834,0,0,0,0.000148147321851771,0,0.00111994799808009,0,0,0,0,0,0.00103625659610414,0,0.0032251653084076,0,0.00306619741528288,0.0081098109333398,0.00392261906670036,0
"Blautia_faecicola",9.614575082948e-05,0,0,0,0,0,0,0,0,0,0,0,0,0,0,0,0,0,0,0,0,0,0,0,0,0
"Adlercreutzia_equolifaciens",0.00451905820446921,0,0,0,0,1.10348013441713e-05,0,0.00584179006013008,0,0,9.13982106971463e-05,0,0.000134776838788377,0,0.000138047158077747,0,0.000111084034094387,0,0,0,0.000123547739604485,0,0.00541827492611761,0,0,9.49971235146307e-05
"Alistipes_sp_AF17_16",0.0294530925986158,0.122523367985641,0.00783910457588198,6.35920643625032e-05,0,0,0,2.847881716554e-05,0,0,0.0140247493792996,0.16477057518164,0,0,0,0,0,0,2.06651144216546e-05,0,0.0762136671857347,0,0.0344067159242827,0.00686970216735551,0,0
"Alistipes_finegoldii",0.0434701328281912,0,0.0157199852142084,0,0,2.48808093827729e-05,0.000229411410052153,4.57175919909878e-05,0.00112945362967069,0.00041938515335761,0.00233925606844505,0.034165007117899,0.00646040235155677,0.000408247724543859,0.00126027741385772,0.000719622671352829,0.0108224031509365,0.000271437286508165,0.000217322069974367,1.32614235855437e-05,0.0377813444573883,0,0.111419136355276,0.0327791219551755,0,2.40071694095138e-05
"Alistipes_ihumii",0.0313754362631012,0,0.00738164602327776,0,0,0.0265087810326055,0,0,0,9.64907531240285e-05,0,0.000104596208190879,0.0140855922203394,0,0.0572837943233487,0,0.0327751401826865,0,0,0,0.19102657101408,0,0.00022207134207667,0,0,0
"Evtepia_gabavorous",0.00284476181768154,0,0.00165807576166975,0,0,0.000596273523255623,0,0,0,0,0,0.00214615521616859,5.2864343237191e-05,7.718084246124e-05,0,0,0,0.000551423074395493,0,0.000983175196054992,0.000262100526836573,0,0,0,0,0
"Ruminococcus_gnavus",0.000219197726893507,0.000325885807335723,2.06740306691822e-05,0.00768399678311484,0.00157222027100541,0,0.0503254984317936,0.00671969028748853,0.100555971594168,0.0923579424598868,0,0.000365625968285673,0,0.0124507963391467,0.000650235194467961,0.0215834305193896,0,0.00195126211364217,0.000104305101881267,0.000131352806357573,0,0.0149536016746106,0.00150597061191608,0.00221854664115419,0.00827728101063506,0.0132269282815692
"Holdemania_filiformis",0,0,0,0,0,0,0,0.0109764024583792,0,0,0,0.00643728766363269,0,0,0,0,0,0,0,0,0,0,0,0.000396009457638164,0,0.00115906617534658
"GGB3005_SGB3996",0,0,0,0,0,0,0,0,0,0,0,0,0,0,0,0,0,0,0,0,0,0,0,0,0,0
"Mediterraneibacter_glycyrrhizinilyticus",0,0,0,0,0,0,0,0.00056642733079064,0,0.000617478640164833,0,0,0,2.56884418576407e-05,0,0,0,0,0,0,0,0,0,0,0,0
"Methylobacterium_SGB15164",0,7.86331522217972e-06,0,0,0,0,0,0,0,0,0,0,0,0,0,0,0,0,0,0,0,0,0,0,0,0
"Clostridiaceae_bacterium_Marseille_Q3526",0,0,0,0,0,0,0,0,0,0.000765955938867929,0,0,0,0.00530978951095095,0.00278281857182431,0.00732798621863283,0,0,0,0,0,0,0,0,0,0.00309372182273071
"Clostridium_sp_AT4",0,0,0,0,0,0,0,0.00013668447543098,0,0.00935617728600911,0,0,0,0.0413775543886043,0.000183383093056714,0.00661704357527168,0,0,0.000456785413607924,0,0,0,0,0,0,0.00136588546436849
"Eisenbergiella_massiliensis",0,0,0,0,0,0,0,0,0,0,0,0,0,0,0,0,0,0,0,0,0,0.00325397412675638,0,0,0,0
"Blautia_caecimuris",0,0,0,0.000292160466810915,0,0,0,0,0,0.000898007038015595,0,0,0,0,0,0,0,0,0,0,0,0,0,0,0,0
"Clostridia_bacterium",0,0,0,0,0,0,0,0,0,0,0,0,0,0.000255316483509603,0,0.00395721166539363,0,0,0,0,0,0,0,0,0,0
"Clostridia_bacterium_UC5_1_1D1",0,0,6.01528631987906e-05,0,0,0,0,0.0201766406741201,0,0,0,9.21158250174396e-05,0,0,0,5.10157347273324e-05,0,0,0,0,0,0,0,0,0,0
"GGB1495_SGB2071",0,7.64284818519596e-05,0,0,0,0,0,0,7.04855619080141e-05,0,0,0,0.600891908442772,0,0.0142466513852864,0,7.63867422079982e-06,0,0,0,0,0.000365160957533932,0,0,0,0
"GGB3819_SGB5184",0,0,0,0,0,0,0,0,0,0,0,0,0,0.000544008240713283,0,0,0.000123507261857288,0,0,0,0,0,0,0,0.0100014137904604,0
"GGB3730_SGB5060",0,0,0,0,0,0,0,0,0,0,0,0,0,0,0,0,0,0,0,0,0,0,0,0,0,0
"Butyricimonas_SGB15260",0.0111991641507596,0.000499576196100687,0.00439396792023485,0.000153297636159717,0,0.0928810005903275,0,0,0,0,0.0205030962343094,0.00155146613763953,0.00356946912521001,0,0.000924564752026683,0,0,0,0,0,0.010628977835868,0,0.0047296922560847,0,0,0.000346208516962815
"Phocaeicola_coprocola",3.40375143168022e-05,0,0.0591612992043543,0.000324856768443724,0,7.22777315567297e-05,6.80923882199145e-05,2.0230421589212e-05,0.000282598489740567,0.000147604380998097,0.0471661658176345,9.59800804773216e-05,0.00119921788286471,0.0338366641577364,0.00193467444910349,0.000666463187870978,0.00129559176182002,7.76882958772648e-05,1.0004243087249,0.000511295727186033,0.0317459796104496,0.00180720477100102,0.114325111641774,0.000305209476280072,0.00133787555786919,0.00033918063943978
"Tyzzerella_nexilis",0,0,0,0.00152277845557143,0,0,0,0,0.00378705626993427,0,0,0.000668063652816489,0,0,0,0.00761124611207422,0,0,0,0.0148773848351152,0,0.000410900903976032,0,0,0,0
"Bacteroides_eggerthii",5.57849156234756e-05,0.0323277069240694,0.00863059902256811,0.00015764522995856,0,0,0,1.52331615493109e-05,0,0,0.000175389346274674,0.0018349191929547,3.82144339059615e-05,5.5784887731941e-05,2.50984181867111e-05,0,0,0,6.30352314004441e-06,0,0,0.000244881481868212,0.000257082533523389,1.10245702096532e-05,0.000629444290928619,0
"Acidaminococcus_intestini",0,0,0,0,0,0,0,0,0,0,0.000630763614422136,0,0,0,0,0,0,0.000156103244449523,0,0,0,0,0,0,0,0.0536876026408701
"GGB3363_SGB4448",0,0,0,0,0,0,0,0,0,0,0,0.000437166841909908,0.00123204817074564,0.000156257442740677,0,0.00372111570862539,0,0,0.00204735535387699,0,0,0,9.03529095395405e-05,0,0,6.36091602136222e-05
"Blautia_stercoris",0.000578622545433628,0,0,0,0,0,0,0,0,0,0,0,0.000171572609366523,0,0,0,2.13200522491108e-05,0,0,0.00048582840729427,0,0,0,0,0,0
"GGB3490_SGB4664",0.00152127636794201,0,0,0,0,0.000358600545688456,0,0,0,0,0,0,0.000459534891196444,0,0,0,0,0,0,0.00275178420484848,0.000927535968062989,0,0,0,0,0.00121822287040601
"Bacteroides_intestinalis",0.00630683874787532,0.00036316382503257,0.00561161593231567,0.0164322773949617,0,0.0179274645237316,1.28142547855713e-05,0.000208136160745765,6.36208469288167e-05,0,0.000182103983379267,0.0207686413218792,0.0292177299897313,0,0.000466920108945136,0.0127627661917434,0,3.51915870612118e-05,6.4705101626497e-05,0,0.029725182070174,0,0,0.0222340917182008,0,0
"GGB79973_SGB14341",0.000661369718994555,0,0,0,0,0,0,0,0,0,0.000332999507708114,0,0,0,0,0,0,0,0,0,0.000384135533608817,0,0.000556674360901874,0,0,0
"Clostridiaceae_unclassified_SGB15090",0,0,0,0,0,0,0,0,0,0,0,0,0,0,0,0,0,0,0,0,0,0,0,0,0,0
"Butyricicoccus_SGB14990",0,0,0,0,0,0,0,0,0,0,0.00355406734138271,0,0,0,0,0.00347293794330334,0,0,0,0,0,0,6.53742856879003e-05,0,0,0
"Enterobacter_hormaechei",0,0,0,0,0,0,0,0,0,0,0,0,0,0.000128630470433589,0,0,0,3.58812221807242e-05,0,0,0,0,0,0,0.0434188411740812,0
"GGB42994_SGB4746",0,0,0,0,0,0,0,0,0,0,0,0,0,0,0,0,0,0,0,0,0,0,0,0,0,0.000442641873856773
"Parabacteroides_johnsonii",0,0,0,0,0,0,0,0,0,0,0,0.0168716859220957,0.00087028745401386,0,0,0,0,0,0,0,0.0255804800232835,0,0,0,0,0
"Sanguibacter_SGB15121",0,0.000794149455465078,0,0,0,0,0,0.013260430541008,0,0,9.53723773395797e-05,0,0,0,0,0,0,0,0,0,0,0,0,0,0,0.00271674089980155
"Vescimonas_SGB15087",0.00135125902737326,0,5.81666333058347e-05,0,0,0.00109896995681327,0,0,0,0,0,0,0.021990012397191,0,0.000115803485520409,0,0,0,0,0,0.00217324439386237,0,0,0,0,0
"Turicibacter_sanguinis",0,0,0.00100903563827403,0,0,0,0,0,0,0,0,0,0.000195156056522292,0,0,0,0,0,0,0,0,0,0,0,0,0
"Clostridiales_bacterium_Choco116",0,0,0,0,0,0,0,0,0,0,0,0,0,0,0,0,0,0,0,0,0,0,0,0,0,0
"Sellimonas_intestinalis",0,0,0,0,0,0,0,0.00380343095779516,0.00378920616574488,0,0,0,0,0,0,0,0,0,0,0.000807294110591566,0,0,0,0,0,0.000618448570339545
"GGB9453_SGB14844",0,0,0,0,0,0,0,0,0,0,0,0,0,0,0,0,0,0,0,0,0,0,0,0,0,0
"Alistipes_dispar",0.0127333702078832,0,0.0029376715556106,0,0,0.0267352069041334,0,0,0,0,0.0111363598251919,0,0,0.0177287999192022,0.00375054784772806,0,0,0,0,0,0,0,0,0,0,0
"Merdimonas_faecis",0,0,0,0,0,0,0,0,0,0,0,0,0,0,0,0,0,0,0,0,0,0,0,0,0,0
"GGB3363_SGB4447",0,0,0,0,0,0,0,0,0.00498845435232105,0,0,0,0,0,0.010918948611536,0,9.82094878698434e-05,0,0,0,0,0,0,0,0,0
"Longicatena_caecimuris",0,0.000190783376857991,0,0,0,0,0,0,0,0,0,0,0,0,0,0,0,0,0,0,0,0,0,0,0,0
"Blautia_hansenii",0,0,0,0,0,0,0.000292705071924264,0,0.0111743383886824,0.00423506291986074,0,0,0,0,0,0,0,0,0,0,0,0,0,0,0.000180483902642473,0.000876262990665077
"Clostridia_bacterium_UC5_1_1E11",0,0,0,0,0,0,0,0,0,0,0,0,0,0,0,0,0,0,0,0,0,0,0,0,0,0
"Blautia_producta",0,0,0,0,0,0,0,0,0,0,0,0,0,0,0,0,0,0,0,0,0,0,0,0,0,0
"Monoglobus_pectinilyticus",0.00245902836586608,0,0,0,0,0,0,0,0,0,0,0,0,0,0,0,0,0,0,0,0.00286345766415096,0,0.00281476996832352,0,0,0
"Anaerostipes_caccae",0,0,0,0,0,0,0,2.4880806894433e-05,5.56974332285371e-05,0,0,0,0,0,0,0,0,0,0,0,0,0,0,0,0,0
"Ruminococcus_SGB4421",0.00158076982828082,0.0062465213623176,0.0333675902672271,0,0,0,0,0,0,0,0,0.00486917612318382,0,0,4.43278134946532e-05,0,0.00251122643840714,0,0,0.0488493815096166,0.000852350255341292,0,0,0,0,0.0102470639913893
"GGB33512_SGB15201",0,0,0,0,0,0,0,0,0,0,0,0.000151516670682956,0,0,0,0,0,0,0,0,0,0,0,0,0,0
"GGB9697_SGB15213",0,8.37162745296557e-05,0,0,0,0,0,0,0,0,0,0,0,0,0,0,0,0,0,0,3.46587099220285e-05,0,0,0,0,0
"Ligilactobacillus_salivarius",0,0,0,0,0,0,0,0,0,0.000241819987963031,0,0,0,0,0,9.44855195965041e-05,0,0,0,0,0,0,0,0,0,0
"Megamonas_funiformis",0,0,0.0201182850267278,0,0,0,0,0,0,0,8.52726267349359e-05,0,0.00136434938953115,0.0097758143324806,0.0966337733468277,0.0379800112535347,0.000586184287530358,0.00900150875937559,0,0.000420297532962905,2.8830403176437e-05,0.00238572217183554,0.000410958391573301,9.39459552654989e-06,0.0245705540313793,0.000466817195721089
"GGB1420_SGB1957",0,0,0,0,0,0,0,0,0,0,0,0,0,0,0,0,0,0,0,0,0,0,0,0,0,0
"Dialister_hominis",0,1.6231389394994e-05,0,1.85859880604079e-05,0.0311024621851262,0,0.00216824839481583,0,0.0131001623486175,0,0,0,0,0,0,0.000987130283803864,0,0.00461062993709809,0,0,0.0637182326390778,0,0,0,0,0
"Veillonella_tobetsuensis",0,0,0,0,0,0,0.000203732984459494,0,0,0,0.00780061900025837,0,0,0,0,0.00449348030762041,0,0,0,0,0,0,0,0,0,0
"Citrobacter_freundii",0,0,0,0,0,0.0314595123048519,0,0,0,0,0,0,0,5.15493653432697e-05,0,0,0,0.00412363210705097,0,0,0,0,8.7136562213212e-05,0.000822628308485787,0.0117994376967688,0
"Faecalimonas_umbilicata",0,0,0,0,5.44786422274443e-05,0,0,0,0.000252356615321446,0,0,0,0,0.000512296151900585,0,0,0,0,0,0.000938097530093076,0,0.0013002390362176,0,0,0.0125090933266356,0.00427077944673352
"Enterocloster_clostridioformis",0,0,0,0,0.0112392538554174,0,0,0,0,0.000731700590342432,0,0,0,0,0,0,0,0,0,0.000451755058158313,0,0.016923700030925,0,9.67005890115443e-05,0.0666309533932299,0
"Mesosutterella_multiformis",0,0,0,0.000316332450873609,0.0335913303808541,0,0.181121855417227,0,0.0224913001255769,0.0268730749091122,0.012783044665148,0,0,0,0,0.000662437000106397,0,0.000813883284685997,0.000327733849310948,0,0.00692398343192226,0,0,0,0,0.0087805704366855
"Ruminococcus_sp_AF13_28",0,0.000101149507640379,0,0,0,0.000337445721067869,0,0,0.00531173399885849,0,0,0,0.000148644277846625,3.44558063524487e-05,0,0,0,0,0,0.00450829125381156,0,0,3.37074140283027e-05,0,0,0.000849116217131504
"Megasphaera_micronuciformis",0,0,0,0,0.00754744043044387,1.87692809536847e-05,0,0,0,0,0,0,0,0,0,0,0,0,0,0,0,0,0,0,0,0
"Clostridium_sp_AM42_4",0.00338035445433249,0,0.00128864783848465,0,0,0,0,0,0,0,0.000190805916735583,0,0,0,0.00188755803907807,0.00111170900037763,0.000215538132455553,0,0,0,0.000231508022259962,0,9.11419009843514e-05,0,0,0.00454134534717774
"Eubacterium_sp_NSJ_61",0,0,0,0,0,0,0,0,0,1.30290310065105e-05,0,0,0,0.000116104986201534,0,0,0,0,0,0,0,0,0,0,0,0
"Megasphaera_sp_NM10",0,0,0.0107691524737563,0,0,0,0,0,0,0,0.012742933926338,0,0,0,0,0,0,9.9005044612036e-05,0,0,0,0,0,0,0,0
"Klebsiella_variicola",0,0,0,0,0,0,0,0,0,0,0,0,0,0,0,0,0,0,0,0,0,0,0,0,0,0.000725821306405203
