"","ancom","maaslin2","metagenomeSeq","ttest","wilcoxon","lefse","RFECV"
"t__SGB4285",0,0.00136695208516632,0.0421509656356838,0.00302207306374526,0.00506273029326033,0.00503317824061455,0
"t__SGB6308",1,0.193000711460195,0.373549635868833,0.246956212345855,0.0193201150931393,0.0191748305189561,0
"t__SGB5121",1,0.260997092885448,0.176060726524787,0.264476341492784,0.31045118780287,0.309324700214835,0
"t__SGB5825_group",1,0.545009070544572,0.696489620177438,0.545223987072329,0.442623123152287,0.441346265519773,NA
"t__SGB4933",1,0.196052478318922,0.0827229709183359,0.18628002647061,0.0626432837869174,0.0623780028974484,0
"t__SGB1814",1,0.907695862878652,0.860787617660888,0.891192940893207,0.669100854932149,0.667730311995062,0
"t__SGB1836",1,0.0319432941124464,0.955954189655867,0.0163795969450042,0.326639597035799,0.325711924917987,0
"t__SGB4894",1,0.139552412976178,0.607322092612448,0.199471138791849,0.757934884128412,0.756306966220964,0
"t__SGB1844",1,0.487249250715623,0.104604144026437,0.491449655942225,0.419415210485114,0.418290125391512,0
"t__SGB1812",1,0.552423891462438,0.0927560088751416,0.549001156916981,0.917370420952712,0.915655332361371,0
"t__SGB6478",1,0.950499939555435,0.0294170757005874,0.91415830648295,0.00583790563338888,0.00579583520057064,0
"t__SGB5111",1,0.461742093680267,0.120713981394269,0.45601281288799,0.454048174185554,0.452709946616031,0
"t__SGB9226",1,0.0605830128186983,0.732659236622298,0.0380448256637413,0.345892759976752,0.344903279437109,0
"t__SGB4327",1,0.513260515870996,0.202186862693761,0.51934439564174,0.443717965442691,0.442263215745622,0
"t__SGB2318",1,0.0423508704882133,0.19120492706873,0.0361561824364888,0.121284401025025,0.120832229579546,0
"t__SGB14313",1,0.631224578355039,0.333239904915172,0.632414744766851,0.30569690015413,0.30459898745461,0
"t__SGB15368",1,0.549007973115562,0.515479057539133,0.555126064270791,0.0421594957383037,0.0419539856059604,0
"t__SGB4940",1,0.182454288019665,0.761272164943281,0.139776959862043,0.860950906498469,0.859471229059632,0
"t__SGB4557",1,0.922180694024207,0.462428535752806,0.908966903389538,0.615750439114272,0.614333255161147,0
"t__SGB1867",1,0.746649821124681,0.624174208444238,0.665527308071121,0.582698974228246,0.58140420565108,0
"t__SGB4652",1,0.0384403669002355,0.0127089373214282,0.0490212522665593,0.00226303262508962,0.00224753214108694,0
"t__SGB5087",1,0.0105652548631892,0.0248401791086295,0.018028707761027,0.0085402112296578,0.0084892526563799,0
"t__SGB4303",1,0.033628689595678,0.0951008105967375,0.0499185851974978,0.0860763938178755,0.0856857051854574,0
"t__SGB1798",1,0.346500036564155,0.204429643729568,0.3651554952993,0.886486881301619,0.88475262900143,0
"t__SGB6276",1,0.874552653394157,0.631814500478442,0.864007520040858,0.733758203084529,0.731992480059982,0
"t__SGB4648",1,0.353804316542482,0.282465456924518,0.355605468606963,0.315596012866246,0.314519414584788,0
"t__SGB5045",0,0.000683594725827092,0.0427082585212573,0.00193580445761687,0.000721567096635545,0.000716540942890986,0
"t__SGB14311",1,0.039148255728145,0.0941617401198043,0.0244778851310387,0.41780211176589,0.416618406718105,0
"t__SGB1790",1,0.216924606068815,0.991046741696804,0.173063357741401,0.872685979651532,0.871201169911129,0
"t__SGB1934",1,0.646240450706649,0.921194794487742,0.588775003631889,0.667708535030654,0.666339021509196,0
"t__SGB4925",1,0.157982292797725,0.0288234824556783,0.134913692482004,0.105119937088777,0.104714708920073,0
"t__SGB4577",1,0.118188720426038,0.256025765598687,0.140592496761912,0.0650329724909191,0.0647593156899569,0
"t__SGB1860",1,0.678154485471023,0.0256152405896246,0.65963646892202,0.958201179269939,0.956385612646821,0
"t__SGB4581",1,0.85293294773641,0.822661613964061,0.858949806927528,0.692923207004992,0.691529256991692,0
"t__SGB1965",1,0.664750381375253,0.598104120739996,0.674463592823561,0.505945004206146,0.504730354493206,0
"t__SGB5089",1,0.892522715505752,0.0722531442965642,0.87530970904753,0.0713618013264417,0.0710588994620356,0
"t__SGB6140",1,0.107451430069136,0.00359955864067274,0.116059755747425,0.00272806505385365,0.00271027596935284,0
"t__SGB5077",1,0.0878476936912976,0.607764642174137,0.118564471843453,0.00954115905840189,0.00947630030898176,0
"t__SGB4993",1,0.155484773767347,0.458169564382687,0.165342986230871,0.120220419176542,0.119769523014489,0
"t__SGB1877",1,0.219603933245292,0.95660286333151,0.156998458738187,0.937523780396992,0.936003203136054,0
"t__SGB4563",1,0.0495815722709325,0.0401868094877269,0.0686305159028602,0.0967823705173853,0.0964024499094659,0
"t__SGB14306",1,0.0580244320402152,0.446464608818213,0.0314810852704723,0.742551393079771,0.741019053686178,0
"t__SGB4715",1,0.0822603844348635,0.342967511265677,0.12223553710835,0.399752157770087,0.398486387113141,0
"t__SGB1862",1,0.319240032064524,0.93993734413774,0.220587542437892,0.356595802624678,0.355373423166553,0
"t__SGB4365",1,0.305930337592112,0.39750238253111,0.349151392100865,0.823661114354132,0.821318129207159,0
"t__SGB14334",1,0.205382469809848,0.390629259922021,0.257217456302638,0.254673252665215,0.253562396236281,NA
"t__SGB4575",1,0.757140904688615,0.0993457476657305,0.76442611158497,0.123627432441059,0.123168521396097,0
"t__SGB6956",1,0.0746857755725594,0.260896228025361,0.107897222823193,0.00786185237834744,0.00779730230434064,0
"t__SGB6139",1,0.652523304386772,0.468664437451962,0.664046352413884,0.76266318222101,NA,0
"t__SGB15107",1,0.2902165637724,0.938211790505828,0.332385815377265,0.698150676203501,0.69632341584755,NA
"t__SGB1815",1,0.494762842369526,0.587851820518119,0.435606191294426,0.397974778249183,0.396920077628498,0
"t__SGB4262",1,0.557344510261092,0.653944014414652,0.548998921189979,0.222469633870357,0.221739864442627,0
"t__SGB1871",1,0.25525154938217,0.343571292344272,0.195319089471635,0.179712518167112,0.179102023047609,0
"t__SGB6754",1,0.160885077335835,0.036362332172563,0.180881507121713,0.0172580552028961,0.0171689363597288,0
"t__SGB4882",1,0.0263489046794883,0.217593895438049,0.0376230919548076,0.000749471998747848,0.000743115842514516,0
"t__SGB4198",1,0.374339009061119,0.0471491624035894,0.375334875468051,0.0270245452203995,0.0268895015842764,0
"t__SGB5043",1,0.433870407060884,0.387999873896261,0.417650124891352,0.202862099001165,0.202104092468608,0
"t__SGB8601",1,0.328974577404593,0.810625963463131,0.289709096815308,0.419958393733488,0.418627721763246,NA
"t__SGB4964",1,0.0919516850938236,0.187485575511425,0.0602842771460857,0.721310068569544,0.719835068773546,0
"t__SGB4886",1,0.0170328587976668,0.00169328005135472,0.00608948954443219,0.0937462483382072,0.0932430329432901,0
"t__SGB6340",1,0.0247542766865431,0.0783675834992978,0.0476940074407647,0.0547025189598426,0.054362890589126,0
"t__SGB1949",0,0.000231843128940143,0.00577069932062413,0.0000576524869493084,0.00230257946057378,0.00228806881229026,0
"t__SGB5792",1,0.389108152784606,0.813720761381634,0.377762658845856,0.217930237639348,0.217111019363812,0
"t__SGB4871",1,0.318543465716711,0.0148536824847105,0.301770499291646,0.14633396741844,0.145791606239989,0
"t__SGB15342",1,0.204726366610458,0.350087832632543,0.229709517333577,0.46563581465995,0.464483891439835,0
"t__SGB14253",1,0.143471342706054,0.0558403497671722,0.155973028351608,0.130124918539134,NA,0
"t__SGB3989",1,0.346849522966105,0.36755339505121,0.279974763872498,0.464581233984979,0.463241191067253,0
"t__SGB5062",1,0.039122174946947,0.0448950958946615,0.0717004895011726,0.0679018257307691,0.067440647836741,0
"t__SGB4813",1,0.340536938589297,0.346559157165552,0.326699302298613,0.0211480776349861,NA,0
"t__SGB4837",0,0.000053309641134236,0.00000661676117275078,0.000352717327612891,0.0000169168062580453,0.0000167736014296947,0
"t__SGB6141",1,0.87815020512763,0.220689269308434,0.869159099207213,0.0686656872701776,NA,NA
"t__SGB1784",1,0.219228600969155,0.375799203815459,0.214747712255364,0.583950118990727,0.582588183604267,0
"t__SGB10068",1,0.353752797392735,0.631537575158952,0.302312237406465,0.142353106116204,0.141837596261581,0
"t__SGB8002",1,0.0115214020123725,0.0494023923142877,0.0313254400235793,0.0398636075766094,0.0396798879683938,0
"t__SGB1830",1,0.0409284151723474,0.177296578863982,0.0259700877815527,0.417786433678636,0.416629194499404,0
"t__SGB15356",1,0.53668494630544,0.621921502284306,0.528155034521346,0.0863773524353864,0.085987390505185,0
"t__SGB15316",1,0.476763089893006,0.251143527973892,0.467124968139886,0.179923105412646,0.179311515598686,0
"t__SGB5090",1,0.550520782603097,0.425886036395875,0.553928307311558,0.22342498991573,0.222708060525363,0
"t__SGB4820",1,0.474074922966225,0.28037097581487,0.434393332985793,0.0956217920863801,0.0952476186751736,0
"t__SGB14909",1,0.274094189065406,0.309247936688055,0.236903612499704,0.684528688791495,0.682915940596653,0
"t__SGB15286",1,0.629967346686123,0.912326729550312,0.617430810652418,0.998494380619518,0.996988766601752,NA
"t__SGB6790",1,0.340819266614491,0.928804013585951,0.273815666043847,0.478360902823193,0.476829286212477,NA
"t__SGB4269",0,0.0331635513001386,0.0140477199063158,0.0542760937664776,0.00194303579021512,0.00193070324119604,0
"t__SGB15106",1,0.81743936787354,0.975543954096135,0.819740222096627,0.742149847809065,0.740586356173164,0
"t__SGB1962",1,0.206278668861045,0.29464174592158,0.168363783111196,0.207047121540507,NA,0
"t__SGB4706",1,0.712177728422773,0.362753279242854,0.724889768677507,0.852923159291703,NA,0
"t__SGB4828",1,0.758536950966627,0.0351623855635916,0.731664270760182,0.0709291903442493,0.0706166331750938,0
"t__SGB1857",1,0.0967454636547539,0.0770955233390695,0.0580747029999463,0.716757527986721,0.714765609684894,NA
"t__SGB4874",1,0.28607898631048,0.255113942123156,0.275471369157335,0.228802420010264,0.228074837221981,0
"t__SGB4532",0,0.000464868471374499,0.000020970114648744,0.00167526618125514,0.000332405805751837,0.000330006156065701,0
"t__SGB9340",1,0.227611315082773,0.997110332758581,0.190549671357167,0.525333974688752,0.523334943653171,NA
"t__SGB4705",1,0.0693903406457978,0.506136415623319,0.0506757186562156,0.663837279785663,0.662460012911701,0
"t__SGB58520",1,0.906595123185593,0.455819311180087,0.893943724773251,0.707145384216191,NA,0
"t__SGB5082",0,0.00119111202628698,0.0129090438911195,0.00338353409401463,0.00720958314305733,0.00716887240474227,0
"t__SGB4914",1,0.508229887101614,0.361221794219942,0.493439426249859,0.133928891072147,0.133440342508376,0
"t__SGB5042",1,0.437386016532982,0.937250961829348,0.431236165095597,0.311401859624047,0.31041741195564,0
"t__SGB4651",1,0.00235982651914566,0.00121295922821796,0.00644585529777171,0.000698810351654886,0.000692942618698906,0
"t__SGB8007_group",0,0.013629185477026,0.00532666699778894,0.0309561449697643,0.0000121040884789158,0.0000119996238138988,0
"t__SGB4771",1,0.0615492314542867,0.0510579172002084,0.084005513803623,0.0267373321456293,NA,0
"t__SGB9663_group",1,0.42705617908204,0.373623503631041,0.413691916520359,0.538136927424584,NA,0
"t__SGB3940",1,0.317395724794936,0.396336452268424,0.326505991294165,0.258423372501291,NA,0
"t__SGB4540_group",0,0.000688462550109937,0.000000326670428263398,0.00281273160403962,0.00000141856791713336,0.00000140523299490515,0
"t__SGB15196",1,0.437358481148629,0.426922676990046,0.391776468255868,0.170706577082075,NA,0
"t__SGB1832",1,0.258824969556904,0.145601354723263,0.341744954785663,0.856160300772437,0.854359775214585,0
"t__SGB5180",1,0.363120179190808,0.692722290553985,0.369272636127951,0.275355869414481,NA,NA
"t__SGB4936",1,0.520014831565761,0.99713805101719,0.478474180993907,0.968207843777987,0.966694791164001,0
"t__SGB4811",1,0.0990640423603496,0.164230479404907,0.119171539769994,0.0869607593057924,0.0866140992052463,0
"t__SGB4815",1,0.686669520004506,0.934041551126924,0.662583887553811,0.755333409017981,NA,0
"t__SGB4721",1,0.0725000192355769,0.771465473823948,0.0530954046327417,0.200516543395024,0.199816267874155,0
"t__SGB9262",1,0.1294815846694,0.0679056336802246,0.154554808978021,0.543121918174114,0.541760306218211,0
"t__SGB47850",1,0.727938166063157,0.208786399451241,0.697095086188203,0.107366385696499,NA,0
"t__SGB15332",1,0.558262036522481,0.0498993909207537,0.595355803292589,0.63816661190795,0.636790439082614,0
"t__SGB15244",1,0.142008438189501,0.218225930619844,0.115831137830669,0.698136155012148,0.696593608226,0
"t__SGB4714",1,0.1875787759722,0.343437232092089,0.149082134304447,0.992120757140626,0.990544976184979,0
"t__SGB4749",1,0.683339068212172,0.877685504125708,0.718971894945081,0.845108665560788,0.843624176677813,0
"t__SGB4767",1,0.826343285178644,0.813295881706065,0.819983508649472,0.616582743801911,NA,0
"t__SGB15091",1,0.037303411118215,0.00283789694011705,0.0206228408126721,0.234239867714869,0.233435685801748,0
"t__SGB14861",1,0.697877342452607,0.855330972527687,0.699004148935482,0.682383696540931,0.68098758929232,0
"t__SGB4868",1,0.975599537619681,0.626823819686058,0.979492096125453,0.608780061104473,0.607453900707645,0
"t__SGB14177",1,0.408784367784221,0.0368579725415803,0.393154624373292,0.667566758558666,NA,0
"t__SGB3952",1,0.742281053315212,0.452323354225745,0.72475284193436,0.909887345134441,NA,0
"t__SGB4809",1,0.346569401367614,0.634971849719094,0.394442977447917,0.0759852939512207,0.0756338942856084,0
"t__SGB4644",1,0.173402385466862,0.232538078092515,0.182195672332846,0.141732068473866,0.141213468326328,0
"t__SGB4778",1,0.993309764732044,0.479723302700314,0.99895465026799,0.868707521031635,NA,0
"t__SGB15053",1,0.134752083194644,0.215865158437741,0.116547500305548,0.416671378847826,0.415560150298436,0
"t__SGB1963",1,0.0726073453672175,0.144109762061339,0.041737954900489,0.417581506019653,0.41642120892546,0
"t__SGB4670",1,0.316145292280762,0.791674616626914,0.310392127578915,0.595951448439809,0.594634610432685,0
"t__SGB14991",1,0.499665036724707,0.323779332410816,0.508916615577304,0.771717027020517,NA,0
"t__SGB4571",1,0.429977485443209,0.0153062962313713,0.401782023460101,0.144545019788697,0.144009673893749,0
"t__SGB3964",1,0.123331076465832,0.138731798931105,0.116201669157362,0.14940848974381,NA,0
"t__SGB4669",1,0.532520261251292,0.139647522714999,0.527824562817154,0.754092806440534,NA,0
"t__SGB15346",1,0.424405360698563,0.559438355144452,0.431643982302944,0.409485973402282,0.408405199123859,0
"t__SGB4831",1,0.657382345369215,0.606235438948903,0.650781647463752,0.49201933792127,NA,0
"t__SGB4425_group",1,0.10581228111932,0.209425680860331,0.113081134447089,0.00741693330830886,0.00736663461260474,0
"t__SGB4659",1,0.164232039294707,0.422717614753454,0.20630967192977,0.239901642023763,0.2390142338855,0
"t__SGB4582",1,0.593512195923075,0.526763945454497,0.590457943716368,0.0996467399430262,0.099256712987729,0
"t__SGB4547",1,0.000205396758227765,0.00000557737601547537,0.00165054948297127,0.025413267560662,0.0252744001671647,0
"t__SGB4395",1,0.0460988362458795,0.249070819819589,0.0746591973129391,0.065563223123812,NA,0
"t__SGB4959",1,0.659860469765895,0.567800775560501,0.65549493804973,0.432943055755432,0.431827223193837,0
"t__SGB6178",1,0.922702739882238,0.410548271976847,0.921504282031791,0.93083689605627,NA,0
"t__SGB2295",1,0.0973747885622071,0.0389366735986534,0.0751587514709033,0.454708234517887,0.453567099393633,0
"t__SGB15318",1,0.580970137128255,0.768476598200934,0.56535362889495,0.990968842572071,0.989463730913334,0
"t__SGB15267",1,0.639657903020779,0.879898834621261,0.683194690169455,0.362636600758223,0.361152612166571,0
"t__SGB15385",1,0.129251653486476,0.0726115780469148,0.0847982971797263,0.593479440076647,0.591754630164585,0
"t__SGB3574",1,0.189263961150767,0.166933034708189,0.13220291587867,0.613263326065291,0.611883025600531,0
"t__SGB4711",1,0.769349875147492,0.691255478588394,0.769170638605736,0.657600630975648,NA,0
"t__SGB4826",0,0.000437843886954031,0.00000365539323743391,0.000960660561108873,0.000169926424980843,0.000168650126674837,0
"t__SGB15233",1,0.316494841015543,0.787764710152531,0.279638290977459,0.287975884725696,0.287048016433618,0
"t__SGB14906",1,0.0874900583224603,0.106799009351716,0.0604444157592064,0.795005378122303,0.793167203128103,0
"t__SGB4716",1,0.397010523382088,0.827598733837876,0.416083418869762,0.631317997558983,0.629969831400223,0
"t__SGB4063",1,0.47355585456393,0.610793539742275,0.454848858275875,0.813760668805588,NA,0
"t__SGB17241",1,0.00697896725096932,0.299961034060283,0.0204745788811397,0.00000223283603170352,0.00000220631188833737,0
"t__SGB4804",1,0.244885206767087,0.129108037614382,0.240354571151441,0.118693160793119,NA,0
"t__SGB14993",1,0.218384577244799,0.605202703664218,0.249535267685051,0.609415986089191,0.608096446776596,0
"t__SGB2303",1,0.0432741864361732,0.0499907680738909,0.0240399651387612,0.0918364140876518,0.0914699805944812,0
"t__SGB15224",1,0.437654251484281,0.546948045421931,0.419438968251887,0.342914024764269,NA,0
"t__SGB4768",1,0.171775094852985,0.098411831064523,0.163227583122228,0.0965878447872554,NA,0
"t__SGB9260",1,0.802528693648093,0.688519753922662,0.802859955488391,0.658777027590967,0.656768115429465,0
"t__SGB15236",1,0.143267053468963,0.132920358894517,0.124779265636409,0.339175494902148,0.338184674937073,0
"t__SGB6847",1,0.286482727807682,0.780790364776218,0.343929202535965,0.337433939403998,NA,0
"t__SGB15317",1,0.0968887203429265,0.245620365233438,0.111428651082721,0.0354579025243044,0.035290229512763,0
"t__SGB15291",1,0.943565133831203,0.513379087568775,0.955728876072439,0.161744830051258,0.161167841667695,0
"t__SGB15350",1,0.313180655721511,0.956149632018483,0.268824357104131,0.684811298939479,NA,0
"t__SGB15467",1,0.0922918922082479,0.442437616763909,0.0551615253869613,0.605207267407053,0.603430779904877,0
"t__SGB4829",1,0.825189154564679,0.00745331447361752,0.819930516593821,0.218526840788976,0.217761563221815,0
"t__SGB15254",1,0.100897006251889,0.313565658597303,0.0743197012056374,0.241784458758492,0.241019848375755,0
"t__SGB4769",1,0.0861106522607642,0.170394615428455,0.0958468739688564,0.0454650226655551,NA,0
"t__SGB3957",1,0.000622784698072261,0.000645230840707889,0.00182078407352541,0.00886316695980816,0.00881324450743339,0
"t__SGB15249",1,0.18550888814024,0.378267492325377,0.1592232033522,0.170707364245812,0.170098952745989,0
"t__SGB4963",1,0.193740273031181,0.408268874104805,0.223588971058599,0.155595285979517,NA,0
"t__SGB15028",1,0.255140354629053,0.339441644916695,0.189824154707624,0.744381835590376,0.74260778600216,0
"t__SGB7985",1,0.21994047917599,0.926001902743826,0.255925289805217,0.663445875527455,0.661920768648682,0
"t__SGB15256",1,0.148654752624607,0.594789858438872,0.101979420151022,0.854086292886833,0.852260405796346,0
"t__SGB4938",1,0.546042931026193,0.582072794774453,0.558295728991939,0.545062427888931,0.543782720218626,0
"t__SGB80143",1,0.325270417332841,0.28127614699632,0.356128316200618,0.125220331185545,NA,0
"t__SGB15031",1,0.598761413774955,0.242290929336604,0.607739995263271,0.649199838333977,0.647706178698459,0
"t__SGB4910",1,0.710203786267452,0.819844492765835,0.729709857581569,0.781915599380763,0.780439809565507,0
"t__SGB4552",1,0.155877928020158,0.032734807939147,0.158049835218617,0.0150641853037695,0.0149858408222521,0
"t__SGB15452",1,0.00211613628261264,0.0400714744609618,0.000722565819178252,0.00322304341101768,0.0032034124377719,0
"t__SGB15180",1,0.977243663364676,0.426309892294054,0.970083429247475,0.746860769910732,0.744841233616643,0
"t__SGB6148",1,0.0321542548595099,0.158367115981835,0.050801013114163,0.000123763757120343,0.000122783972404046,0
"t__SGB4342",1,0.0990776690112227,0.100756741887657,0.150068714432912,0.328892454049796,NA,0
"t__SGB14969",1,0.816821269079684,0.329838920419917,0.808008731105765,0.627246196597661,NA,0
"t__SGB4909",1,0.102385438388964,0.0470831271790739,0.113373912843136,0.0244938677803836,0.024363088975056,0
"t__SGB15115",1,0.245644160988176,0.410754864396662,0.261889931091781,0.593214835441749,NA,0
"t__SGB4780",1,0.0105148580779495,0.150419127481519,0.0174386310510775,0.0162577323599439,0.0161726620403789,0
"t__SGB72916",1,0.934782493113655,0.666506414603984,0.93345749168255,0.0757232713551853,NA,0
"t__SGB17248",1,0.0165381224055841,0.00994871707377309,0.0400636772111549,0.0189696110611761,0.018873447834923,0
"t__SGB14912",1,0.116324209350199,0.0341490815562135,0.0715754146088864,0.843626231209844,0.841512330334026,0
"t__SGB15216",1,0.251895569083506,0.0319765176490887,0.261378196045818,0.116958254036884,0.116517886814154,0
"t__SGB4643",1,0.524540602511814,0.732461792700978,0.525882292202484,0.259177786518534,0.258023401885304,0
"t__SGB9283",1,0.963286257718344,0.788510179363271,0.970953645456287,0.284649671733204,0.283610714261829,0
"t__SGB4777",1,0.583184951892669,0.938832793852085,0.570247369836822,0.356760180402211,NA,0
"t__SGB4712",1,0.899095585235504,0.680119106055704,0.89052460383593,0.433002060765482,NA,0
"t__SGB4436",1,0.669756942143688,0.974935231634497,0.669352977115358,0.986795649920961,NA,0
"t__SGB4893",1,0.646009337639834,0.832063604108836,0.610250488158691,0.493242939709418,NA,0
"t__SGB4772",1,0.176838016396735,0.091953925232555,0.163893402966191,0.00897340532449688,NA,0
"t__SGB14834",1,0.0267428281345953,0.0960513193767132,0.0543205637538905,0.249437016781087,NA,0
"t__SGB15093",1,0.065480235103107,0.0292167377584449,0.0352673383513968,0.698188130117452,0.696490746107499,0
"t__SGB14250",1,0.330643273339125,0.304976857378784,0.295756066112427,0.846739507297763,NA,0
"t__SGB4770",1,0.0459891195634185,0.109626721854198,0.0678081204718381,0.0358550481690023,NA,0
"t__SGB4750",1,0.766111629216451,0.332401004558807,0.771601201810941,0.771663522844457,NA,0
"t__SGB15411",1,0.264264675129779,0.253648339041969,0.24444538279488,0.259483782769725,NA,0
"t__SGB4779",1,0.0525796286666382,0.107677014527716,0.0676943920716449,0.332421066972724,NA,0
"t__SGB15229",1,0.411702479782944,0.211123693351851,0.418270492243341,0.570554827923047,NA,0
"t__SGB4808",1,0.107476466010789,0.125434361670407,0.146623687371532,0.256077506258584,NA,0
"t__SGB4951",1,0.499139175569682,0.042194852294688,0.475247921587782,0.010471485325406,0.0104140241797489,0
"t__SGB15041",1,0.0411541078421218,0.162470414118565,0.0555642919723133,0.0454152087504687,0.0451684037043384,0
"t__SGB15374",1,0.229885420216648,0.389273356783032,0.196047639180732,0.704739756709353,0.70318569486188,0
"t__SGB4782",1,0.760689661236767,0.295583225625585,0.77545136200355,0.453365983774017,NA,0
"t__SGB4816",1,0.10430111890776,0.115773709922188,0.0804943352856478,0.518018064423725,0.516731152821562,0
"t__SGB3813",1,0.935531402057446,0.718953149775528,0.947617491039584,0.574585051282045,NA,0
"t__SGB47656",1,0.641196488306224,0.979849445574324,0.670286793563831,0.612476526706024,NA,0
"t__SGB1785",1,0.253174830557251,0.850852697346311,0.182013871246383,0.707013028937324,NA,0
"t__SGB8056",1,0.458661733699145,0.441372304449342,0.405651812053,0.114858596560767,NA,0
"t__SGB15413",1,0.586687917375756,0.498773071392912,0.560718598893234,0.395787612762008,NA,0
"t__SGB71759",1,0.00163128323972149,0.00230218616535449,0.00284354019853075,0.00307089582060675,NA,0
"t__SGB63327",1,0.0646992399753844,0.212385667652832,0.0471512230399914,0.178274343500712,NA,0
"t__SGB2290",1,0.770943551072372,0.315293225784165,0.792312861388494,0.610001603265406,0.608653833344656,0
"t__SGB4665",1,0.801666243069533,0.248454754521621,0.803715832713153,0.187640831834799,NA,0
"t__SGB17244_group",1,0.0790901094625085,0.747956158613193,0.10161711385557,0.823001499687947,0.821461433915824,0
"t__SGB4781",1,0.615440006061994,0.628454195819585,0.59478914520162,0.600153181752159,NA,0
"t__SGB25416",1,0.190376678400051,0.030755672537061,0.13825272979318,0.0831967983722367,NA,0
"t__SGB1644",1,0.0796932552177574,0.477618035119064,0.134364075297261,0.218542424997979,0.217348620636143,0
"t__SGB9346",1,0.39619409446652,0.871491353082106,0.388443263199861,0.0349920706665502,0.0347726054411738,0
"t__SGB17256",1,0.866791531515424,0.302784075528632,0.848183801354064,0.885794320746242,0.883804814079032,0
"t__SGB4422",1,0.58395820629485,0.989150360820524,0.580123414641089,0.496748101499579,0.495100384296939,0
"t__SGB4608",1,0.0261113637560879,0.219662687726555,0.0155320503348473,0.0830435622954238,0.0827090515956434,0
"t__SGB1626",1,0.704314475634162,0.372339969924663,0.726313848059834,0.97972030653159,0.977877150860842,0
"t__SGB14535_group",1,0.206476757504415,0.35305002305002,0.236208522987851,0.916809384765953,0.915302471448346,0
"t__SGB15300",1,0.0851490356189935,0.210105370504199,0.110260537513439,0.366672478791745,0.365664449649177,0
"t__SGB1861",1,0.215039005845617,0.0372027446193635,0.222357728131625,0.0307634329369976,0.0306178484936491,0
"t__SGB6783",1,0.223773198893501,0.156553225048147,0.293395418469776,0.714386594979644,0.711949766906783,0
"t__SGB6796",1,0.430704158993365,0.255433692964012,0.439667473690477,0.619537504737816,0.617796215267727,0
"t__SGB15373",1,0.12974286287402,0.180845864857654,0.147934254501389,0.0326197421035504,0.0324555833044273,0
"t__SGB5190",1,0.0890267281588139,0.917207462170479,0.065794303866915,0.148518859600632,0.147970314841802,0
"t__SGB15238",1,0.701030682249782,0.215569572703925,0.685754569669867,0.643921870524709,NA,0
"t__SGB15119",1,0.921800834589672,0.220404532027315,0.913545677632481,0.647534027665505,NA,0
"t__SGB15198",1,0.463279857430759,0.686010757114897,0.477269914770786,0.148300703128422,0.147486099769229,0
"t__SGB14824_group",1,0.09074290743113,0.15194930992297,0.1177893119406,0.546264956731766,NA,0
"t__SGB15323",1,0.211901802311144,0.425718854301308,0.238667678288143,0.276996562422485,0.275668036503679,0
"t__SGB14322",1,0.0508922353959325,0.448551327306677,0.0911159492566048,0.986687547828435,0.98478598504545,0
"t__SGB6806",1,0.485234125047206,0.697356857782128,0.525615222010573,0.992919162594622,0.990558979841925,0
"t__SGB15370",1,0.642131316681608,0.552125087815247,0.620057388911492,0.842849119258989,NA,0
"t__SGB2296",1,0.981258717345154,0.157946491344325,0.978837411726288,0.341978045483663,NA,0
"t__SGB14816_group",1,0.812949921382788,0.269137500265519,0.81984456690225,0.619542658530354,NA,0
"t__SGB5076",1,0.614697111851726,0.373313051422748,0.604615920527665,0.191160845205769,0.190278181961777,0
"t__SGB5117",1,0.00667406420847278,0.0631502457336424,0.0144679387210097,0.0541495766333036,0.0538874323483323,0
"t__SGB3965",1,0.386252860491415,0.472741778684067,0.377498325877319,0.215285953702375,NA,0
"t__SGB15225",1,0.851070270575432,0.901286722485333,0.870425788381048,0.122173281021689,NA,0
"t__SGB15052",1,0.365207411822215,0.282039493958055,0.370503093592919,0.0513261698649394,NA,0
"t__SGB2325",1,0.781485743291656,0.153895514295673,0.804445023044415,0.848573826881121,0.846999446929402,0
"t__SGB15333",1,0.898112155458139,0.253217080360068,0.893498445080583,0.448942594486379,0.447569336135943,0
"t__SGB15383",1,0.930774367986847,0.826277822654261,0.940481850854926,0.633236211951313,NA,0
"t__SGB14397",1,0.572253945294743,0.76869111709569,0.604863194377305,0.338607695614507,NA,0
"t__SGB14888",1,0.236158171909365,0.378970200735342,0.199896198729147,0.326705725502392,NA,0
"t__SGB6173",1,0.252033035313934,0.713562505080241,0.197214955112634,0.0889979924002294,NA,0
"t__SGB14773",1,0.807479277643243,0.764212773494886,0.804936032256546,0.242123736061517,NA,0
"t__SGB25497",1,0.948623703634063,0.5401056558913,0.951787845209918,0.59193576664969,NA,0
"t__SGB8071",1,0.693529804402262,0.776136023509356,0.680961583539725,0.133515796215894,0.133022944584932,0
"t__SGB15081",1,0.0681083733598284,0.0556890975831035,0.0577261610533966,0.0289865691454536,0.0288226139024567,0
"t__SGB15012",1,0.810774412215539,0.643519620521192,0.811478067394334,0.942509984560327,NA,0
"t__SGB15146",1,0.353451310227201,0.0661165924551614,0.287785078488399,0.987093913556429,NA,0
"t__SGB15145",1,0.0883056531278498,0.12934779472662,0.0545084679936335,0.703914940902012,NA,0
"t__SGB14370",1,0.845156182002496,0.738234694887674,0.848697469838685,0.181428916744139,NA,0
"t__SGB15265",1,0.0813602915525458,0.135028841999672,0.0512922163618323,0.498425455878642,0.496999533994093,0
"t__SGB15299",1,0.401634364576771,0.514992239744626,0.336681731328721,0.382660487848289,0.381520428465307,0
"t__SGB3988",1,0.228546722814259,0.0682549209021759,0.220204038951438,0.554095631735546,NA,0
"t__SGB15049",1,0.853173932401544,0.627237027729383,0.848992592390093,0.16365757620622,NA,0
"t__SGB25493",1,0.246526971440306,0.0893857112845335,0.259580017644319,0.108876841558427,NA,0
"t__SGB14999",1,0.096354895181104,0.0768018642562636,0.0741577554911359,0.628464351917564,NA,0
"t__SGB15089",1,0.536619191275101,0.458374204262981,0.520051773882754,0.555269160152228,0.553998166641136,0
"t__SGB15132",1,0.078460577611935,0.0557582809889658,0.0412443410028089,0.00165220185557673,0.00164145333771661,0
"t__SGB3959",1,0.980992782315784,0.27259943001415,0.960861749760449,0.464304966960102,NA,0
"t__SGB4121",1,0.16250933000017,0.168093694744744,0.151037091235789,0.276411722240146,0.275499676431083,0
"t__SGB14890",1,0.39537188643966,0.224136878677777,0.401859137987392,0.275101729967251,NA,0
"t__SGB14252",1,0.564822531447784,0.198603312467169,0.556759338076634,0.706137610553819,NA,0
"t__SGB6952",1,0.0652130078816356,0.0202062313763507,0.0334185625857587,0.940348482974983,0.93836399510372,0
"t__SGB15051",1,0.933937130133731,0.291943817468496,0.934132341860334,0.278754567393825,NA,0
"t__SGB14963",1,0.0251016964787102,0.109388465638105,0.0115209547359425,0.313801392853623,NA,0
"t__SGB16971_group",1,0.43512882182947,0.676606741226076,0.454978902031627,0.587549067450314,NA,0
"t__SGB6939",1,0.042843746869277,0.0460097629268132,0.019557697345182,0.4479104472038,0.446653809604602,0
"t__SGB3958",1,0.0141639345492978,0.0244974716164934,0.0282246050350001,0.142686529262967,NA,0
"t__SGB15315",1,0.123690923261844,0.378948540112349,0.0877217799176072,0.314933620233245,0.313974404138409,0
"t__SGB17163_group",1,0.936823869800146,0.960124961822349,0.935043336668735,0.971327333572481,NA,0
"t__SGB15295",1,0.207267799378345,0.301209202419794,0.235041892184215,0.44304996121681,0.441656600192151,0
"t__SGB6473",1,0.191678767333365,0.17699810904532,0.212997730597216,0.145191725508846,0.144504153755057,0
"t__SGB15078",1,0.00392628678349999,0.00697211586964674,0.00117363520548312,0.012926125355256,0.0128578365709948,0
"t__SGB17167_group",1,0.0151738651183584,0.000826630273919715,0.0238006119470713,0.000111975418414797,NA,0
"t__SGB14853",1,0.0825812751465065,0.246780333609384,0.121418541358792,0.0890622517777851,0.0887064856055474,0
"t__SGB8095",1,0.0415167587628717,0.282559616748305,0.0662798039438435,0.0144986884806654,NA,0
"t__SGB6936",1,0.376361634138565,0.232861907955695,0.338031622080758,0.71417696534653,NA,0
"t__SGB14809",1,0.423649341330941,0.0959682148793413,0.422963128815587,0.198612138353372,0.197927625950628,0
"t__SGB4832",1,0.435964328513965,0.89425824342461,0.487855062116789,0.905338846501226,NA,0
"t__SGB17237",1,0.0128649920589229,0.322415082018565,0.0325328745357936,0.00832280026527229,0.00826447035204401,0
"t__SGB13981",1,0.842183741210331,0.229255931464694,0.843473420129968,0.705102030082987,NA,0
"t__SGB4367",1,0.070764980061595,0.0231875872438914,0.056968499363973,0.296378565198642,0.295441676309402,0
"t__SGB5763_group",1,0.522787403956292,0.639632234752943,0.498177350575948,0.163828358686134,0.1631397069369,0
"t__SGB4280",1,0.710989616237429,0.377916606150219,0.710114523085936,0.212382675309076,0.211366112970483,0
"t__SGB5075",1,0.5069756951996,0.284573033224264,0.518878845373328,0.7655239060739,0.764017023518284,0
"t__SGB4537",1,0.173884404961072,0.341580362907094,0.211037919578835,0.585133369966926,0.5837793370685,0
"t__SGB4348",1,0.97639376175428,0.781250557037111,0.994088806947038,0.657975520544875,0.656513809606836,0
"t__SGB9286",1,0.812527728283096,0.533792356980814,0.859067179017832,0.642333270925637,0.640215735448803,0
"t__SGB15085",1,0.5616432426663,0.927651659937954,0.600547767731297,0.891469349229507,0.889434637060846,0
"t__SGB1786",1,0.129569128759305,0.373013134985308,0.161110754000397,0.696139549778742,0.694431895205567,0
"t__SGB4119",1,0.884674914807137,0.64515509689239,0.917281479839433,0.904937044502446,NA,0
"t__SGB15154",0,0.000968155068381755,0.000012419507698036,0.00049518369581376,0.000803644323243256,0.000798187328857217,0
"t__SGB3922_group",1,0.801214435559006,0.765414565990164,0.791339443178372,0.0508081839354929,NA,0
"t__SGB15073",1,0.201124193761141,0.382358474769094,0.144775213887608,0.932985670040789,NA,0
"t__SGB4990",1,0.339223324206949,0.334958967376445,0.307614381684248,0.566280971819708,NA,0
"t__SGB9281",1,0.917026254213292,0.944688481350559,0.940647425146628,0.3350750564666,0.333439315212857,0
"t__SGB14854",1,0.0157452408015177,0.017994348731132,0.0349339318690147,0.23881393770239,NA,0
"t__SGB15022",1,0.4880741305907,0.751813092816018,0.510393334683848,0.0946339359977809,NA,0
"t__SGB15143",1,0.0269130463547347,0.039333579547667,0.0199340188737309,0.00760039079373984,0.00755688604834115,0
"t__SGB15124",1,0.0418062823384992,0.0199243253724921,0.0228490164515355,0.0256005661586855,0.0254731696927204,0
"t__SGB15126",1,0.0121495822471417,0.019680223870346,0.00481142356919731,0.00125472027236331,0.00124557301903255,0
"t__SGB966",1,0.211198608052755,0.261402806117186,0.153217560081359,0.667455713169608,NA,0
"t__SGB4761",1,0.0264213515052087,0.0569991243211159,0.0113229706892699,0.147968035274108,NA,0
"t__SGB4741",1,0.0512877983826292,0.174552377151633,0.0245133216413456,0.0227204366660593,0.0225920076863075,0
"t__SGB3991",1,0.515305392511044,0.671796806776057,0.51031191020412,0.121220916522538,NA,0
"t__SGB4044",1,0.365640276851074,0.78237814061365,0.306887423603534,0.838837585321422,NA,0
"t__SGB15234",1,0.013723393615338,0.0157172070116243,0.00580397796420733,0.0991967996417994,0.0987792959461556,0
"t__SGB14128",1,0.309751181125393,0.917589935398507,0.325363866526267,0.411290080810367,NA,0
"t__SGB6750",1,0.411428442301487,0.872022632952328,0.425876621191505,0.0669453405643997,0.0666271240593443,0
"t__SGB15123",1,0.0580725639266929,0.0845248605503395,0.0393125130712657,0.0329302649834875,NA,0
"t__SGB17152",1,0.866236803081152,0.994583452553,0.865498533928757,0.254982801264506,NA,0
"t__SGB3934_group",1,0.414824201056405,0.914799437132781,0.453575897938473,0.1796099564463,NA,0
"t__SGB6174",1,0.0492107118625872,0.233561757665315,0.0875674579821468,0.0912758036387484,0.09079855377909,0
"t__SGB8053",1,0.609146527420179,0.786553548503314,0.568899168264762,0.25996314384158,NA,0
"t__SGB14924",1,0.0843059847758475,0.0302801481643007,0.0631612030254099,0.205978484440586,0.205162487203779,0
"t__SGB4394",1,0.724451198920468,0.274293501704511,0.710925332683304,0.374335523704632,0.373127345467285,0
"t__SGB48424",1,0.508192532574597,0.885294369017472,0.450324847049169,0.442324905106308,NA,0
"t__SGB4762",1,0.233767288962589,0.0334680650350159,0.201758098631651,0.0413531789904073,0.0411424156159375,0
"t__SGB8168",1,0.812565315579036,0.682856831112484,0.805095433894747,0.850083056406947,NA,0
"t__SGB14937",1,0.458000680421808,0.341338597545533,0.464912813670667,0.7713323624727,NA,0
"t__SGB8059_group",1,0.369525109329019,0.566407055310872,0.39872324680784,0.00876044981534544,NA,0
"t__SGB15066",1,0.0602541184799349,0.118786902690901,0.0344227027215412,0.0752644879133297,NA,0
"t__SGB4595",1,0.641005958139922,0.921860016180815,0.797268197555986,0.554672212376997,NA,0
"t__SGB15271",0,0.0152753506903069,0.00229196441171187,0.00585719991090916,0.00251853881862009,0.00250291645237776,0
"t__SGB29347",1,0.0489176503478895,0.212771127656386,0.0821564668087471,0.172053332748878,NA,NA
"t__SGB6829",1,0.385228951224402,0.668207858960439,0.312334242202285,0.991137233254612,0.989364776135247,0
"t__SGB7298_group",1,0.367553350957572,0.234525280043924,0.36806942417522,0.0193211327958323,NA,0
"t__SGB4758",1,0.209432697310172,0.300380565140236,0.145606812910576,0.221850431359888,0.221112998093345,0
"t__SGB3969",1,0.441038530125238,0.661451194558942,0.429349330946233,0.328171706056058,NA,0
"t__SGB4037",1,0.220512182354293,0.690150479782537,0.156092529755141,0.698136155012148,0.696593608226,0
"t__SGB6653",1,0.215197499710242,0.000383658464262249,0.150841307030464,0.000111098855295491,0.000110114096049821,0
"t__SGB4701",1,0.250029774153106,0.344163011916843,0.182030622417709,0.619083456480588,0.61712639599216,0
"t__SGB19860_group",1,0.483877596529203,0.791927832706454,0.53367491219025,0.254806437837565,NA,0
"t__SGB9347",1,0.169120882588151,0.141587965945685,0.212022581064669,0.230325312531835,0.229392534140962,0
"t__SGB14891",1,0.0797735896245825,0.0151770319059115,0.0510461320518848,0.200843940990188,NA,0
"t__SGB79840",1,0.164240161764663,0.018328392088897,0.109028113090143,0.177537831522215,NA,0
"t__SGB8003",1,0.490935576022471,0.35050631317922,0.516317899386513,0.0332360311354463,0.0330282123862037,0
"t__SGB5843",1,0.105327253017869,0.847461582267345,0.0631864903972198,0.947212727832131,NA,0
"t__SGB15127",1,0.014851492716576,0.00430055521277839,0.00539847042694269,0.0346219249161566,0.0344321217059513,0
"t__SGB17168",1,0.831870113305198,0.490155455617969,0.818290162696709,0.164955601425118,NA,0
"t__SGB4722",1,0.202396122885452,0.560477111752623,0.14795464827857,0.715722275008484,NA,0
"t__SGB7962",1,0.739025163297899,0.649639903824293,0.713520626118192,0.0116820401309798,NA,0
"t__SGB5197",1,0.013382850603446,0.00402067409731899,0.034156054370082,0.00891124589274522,NA,0
"t__SGB82503",1,0.961878785817727,0.934624000594294,0.968858296423492,0.780199971777711,NA,0
"t__SGB15204",1,0.0486121587114561,0.0027921149898229,0.0230821985641987,0.000965538636027622,0.000955885917618015,0
"t__SGB14263",1,0.941101946821116,0.894320497870636,0.935902261775826,0.400043255290969,NA,0
"t__SGB15390",1,0.00988048770211571,0.000170676350203403,0.00324228157301666,0.0115074707169803,0.0114390575243686,0
"t__SGB63369",1,0.171084332689091,0.280825818719188,0.138904181579583,0.437892436299547,NA,0
"t__SGB15322",1,0.926854216181139,0.503721773699144,0.919303421490736,0.040814996423964,0.0405699078462546,0
"t__SGB7256",1,0.0824474303726238,0.0138086977932155,0.0539669090421975,0.0344772323886576,NA,0
"t__SGB7253",1,0.936587793948866,0.155876888466609,0.929280591340911,0.102711503669402,NA,0
"t__SGB2286",1,0.106656936314772,0.0441677478953513,0.07035700531721,0.166014708072852,0.165304149885084,0
"t__SGB25431",1,0.47659267859238,0.779361432647252,0.43766864159484,0.758682576363723,NA,0
"t__SGB14966",1,0.43084894902876,0.244920093065118,0.429119009045184,0.754095366202591,NA,0
"t__SGB14179",1,0.656564778661652,0.499823181141019,0.66908433832387,0.748775555235765,NA,0
"t__SGB4621",1,0.522439216652555,0.861169311488817,0.487476605208695,0.5359595613256,NA,0
"t__SGB14974",1,0.801560824450791,0.99281106915768,0.800775715322882,0.25025008650169,NA,0
"t__SGB15067",1,0.331662370159193,0.480692963118478,0.260906713425312,0.555060687367898,0.553534162214849,0
"t__SGB15382",1,0.120008686321685,0.0355542073764725,0.0729789705735653,0.0389342060212011,0.0387144153216547,0
"t__SGB79798",1,0.510353994334527,0.316206763995558,0.47162616556977,0.979212104609285,NA,0
"t__SGB4774",1,0.147387406691269,0.202695539061709,0.110122656774702,0.103557162238204,NA,0
"t__SGB8047_group",1,0.63175243947088,0.381758661722201,0.619993628890775,0.00520860584001708,NA,0
"t__SGB8026",1,0.408801139741868,0.386573595314265,0.346379603345486,0.392484777379438,NA,0
"t__SGB14262",1,0.0524846812758256,0.112674355858044,0.0295466548686128,0.0226918848012796,NA,0
"t__SGB8180_group",1,0.572535929936477,0.503014633463769,0.555397024793528,0.297750978782076,NA,0
"t__SGB14127",1,0.16441093133703,0.145567299343204,0.132986536386122,0.265792108939254,NA,0
"t__SGB15237",1,0.271268302323707,0.13503049666855,0.244192372022055,0.423304747928407,NA,0
"t__SGB8028_group",1,0.0672633848871977,0.0611695140095661,0.0394856569498853,0.595572503076456,0.594090058225695,0
"t__SGB4699",1,0.00108898891934903,0.00221891342913705,0.000231400953857154,0.00347571909654352,0.00345167377197831,0
"t__SGB29321",1,0.365801879944591,0.581216368179865,0.314747245098759,0.309522971739874,NA,0
"t__SGB29302",1,0.132870572778726,0.3719157882611,0.0872428552872587,0.036912662928746,NA,0
"t__SGB4724",1,0.221998876601861,0.187685621896431,0.296850070413622,0.405666753395886,NA,0
"t__SGB19880",1,0.0395141035461013,0.0659815626162021,0.0193919640327314,0.0355701241636414,NA,0
"t__SGB4045",1,0.805849293010596,0.785429516788735,0.806376337345469,0.397775841901509,NA,NA
"t__SGB4988",1,0.2786628790314,0.0563702347733592,0.2217261989365,0.0510679723462149,0.0508161936107697,0
"t__SGB748",1,0.0776042293401247,0.00000798864419460088,0.0414852894813382,0.0000457773582252215,0.0000452616756692162,0
"t__SGB8255_group",1,0.94191246382866,0.809902041641191,0.933744527855198,0.381635290737837,NA,0
"t__SGB19882",1,0.0866018301526799,0.641121890573645,0.0479534653913272,0.63483632361603,NA,0
"t__SGB4727",1,0.36096979641025,0.106004246820359,0.363531303464557,0.296075839713771,NA,NA
"t__SGB4775",1,0.226325217967559,0.39348304821249,0.160212124354266,0.0167898216593825,NA,0
"t__SGB29305",1,0.533179028083669,0.13478354307122,0.468982777190047,0.526565066203084,NA,0
"t__SGB15326",1,0.489250915777113,0.863220912830137,0.450326722217168,0.785364520887648,0.783703253017903,0
"t__SGB15272",1,0.241185431618008,0.34401971519843,0.177679189971298,0.807047382713085,0.805373963813653,NA
"t__SGB5200",1,0.84360140916412,0.658420276437386,0.853565641429778,0.938653111177157,NA,0
"t__SGB15140",1,0.930753186656195,0.761305089530177,0.939327650321023,0.22048787346423,NA,0
"t__SGB8000",1,0.102662829692744,0.232375342825929,0.154247359594346,0.237633806331271,0.236515925075601,0
"t__SGB17132_group",1,0.86044047499689,0.986327199699184,0.865622182133543,0.795741082086091,NA,0
"t__SGB6179",1,0.00612267938755803,0.0123907587392527,0.019660686353205,0.0159875138119996,0.0158842315050061,0
"t__SGB15410",1,0.644200292672722,0.589767247344498,0.656973718633817,0.69682871457919,NA,0
"t__SGB15117",1,0.887926732380046,0.368447264134412,0.941677633137132,0.307004326496254,NA,0
"t__SGB54347",1,0.428427001401418,0.385473435830722,0.401666649544245,0.678999666458887,NA,0
"t__SGB49059",1,0.144851554779758,0.0424076742089032,0.190584712987604,0.0233836715454338,NA,0
"t__SGB1858",1,0.0565798007414914,0.229371421337289,0.0292336058190148,0.329345816007578,0.328304542051168,0
"t__SGB15402",1,0.0773005414932781,0.0267012641431756,0.0425126386317992,0.0438887344900413,NA,0
"t__SGB53517",1,0.098603315580288,0.254370121345084,0.0644623243415842,0.268334292118374,NA,0
"t__SGB3962",1,0.567906820286306,0.510179132902961,0.553508619222703,0.227454875394489,NA,0
"t__SGB6744",1,0.543599242661391,0.730958485053903,0.571047235742671,0.772619585061174,0.770957533516733,0
"t__SGB9391",1,0.170123830403612,0.31820270220591,0.137115104167083,0.257549277965568,NA,0
"t__SGB6768",1,0.245990241349158,0.035519123082685,0.186918653168134,0.370338282499366,NA,0
"t__SGB14142",1,0.240983420540247,0.210590081473371,0.19912079245229,0.478360902823193,NA,0
"t__SGB14845",1,0.695813127962802,0.794981337728274,0.673569434025655,0.32675995906709,NA,0
"t__SGB9203",1,0.58451901396824,0.720943292702321,0.558422316362804,0.654012233419368,NA,0
"t__SGB14894",1,0.0396089737350915,0.00326819130441813,0.018698242503761,0.0361141968271328,0.0359334331541846,0
"t__SGB7263",1,0.763770510959923,0.880536896030175,0.759940642540854,0.477235698998688,NA,0
"t__SGB17234",1,0.307172883348929,0.212527383484693,0.239382972213963,0.890235545263887,0.888178004553934,0
"t__SGB4824",1,0.0480860216873741,0.0792184732533536,0.0752648064006602,0.234331897654877,0.233103037117645,0
"t__SGB14940",1,0.577463752752311,0.720568406963198,0.528474137153709,0.505727861402095,NA,0
"t__SGB7258",1,0.577211003166897,0.887611715564069,0.57339636800509,0.339917356096079,NA,0
"t__SGB4290",1,0.142443240024267,0.934263896055973,0.188117759348681,0.598774517644809,0.597295397582404,0
"t__SGB4191",1,0.546136690926575,0.628588289987656,0.530942542786392,0.0705984369069991,0.0702421020405161,0
"t__SGB1903",1,0.0756847909161669,0.166578308898297,0.126684779296886,0.581062468101433,0.579337123345974,0
"t__SGB6305",1,0.680796752702907,0.110818297022413,0.658638417635693,0.167567664034372,0.166767443036249,0
"t__SGB5051",1,0.195196972477224,0.219659674379031,0.19892381122936,0.187970969228237,0.187143887911785,0
"t__SGB1941",1,0.413392593667542,0.906461718686792,0.437249786334348,0.0919439489884021,0.0914851646253685,0
"t__SGB4867",1,0.0173596147767212,0.00541063589258384,0.0405705861299832,0.208934143027852,0.207956722858731,0
"t__SGB14798",1,0.0129856893350323,0.115137156694616,0.0292893631476797,0.83905215605855,0.837140020540311,0
"t__SGB13982",1,0.667802049372052,0.500033165022235,0.656091680450748,0.344584548998509,NA,0
"t__SGB2326",1,0.657019867650463,0.655805792524287,0.637031481689062,0.751225607569479,NA,0
"t__SGB2301",1,0.215341534357677,0.431065340948654,0.174829942724102,0.403321432345664,0.402226151158123,0
"t__SGB2328",1,0.0527929376464647,0.061325393468098,0.0391883282183789,0.112863976058881,0.112409623314481,0
"t__SGB49168",1,0.292651137869919,0.295901594908101,0.309703112338628,0.518399280189752,NA,0
"t__SGB1855",1,0.0695218135231767,0.162217901543821,0.0399319702219226,0.148578496308228,0.148025379260098,0
"t__SGB14807",1,0.924612246240119,0.108831137272471,0.911089934082966,0.801130133382551,NA,0
"t__SGB15120",1,0.271070928929974,0.276202906173758,0.286970230370646,0.843261437285214,NA,0
"t__SGB4584",1,0.361893411841966,0.529325458764887,0.289575985787423,0.878473921084725,0.876947794093909,0
"t__SGB4046",1,0.343068439849494,0.24803374624525,0.331162769457192,0.182195711447683,NA,0
"t__SGB13983",1,0.410913557693115,0.293571600821529,0.390446043200346,0.595357499836633,NA,0
"t__SGB3996",1,0.782750663523456,0.662691866228975,0.767355425267126,0.862598485152868,NA,0
"t__SGB14921",1,0.383103356528615,0.316663078154821,0.383335624565974,0.219293895373368,NA,0
"t__SGB4606",1,0.604117497312699,0.719899454020003,0.563998648043927,0.957823770146593,0.95590857895197,0
"t__SGB15164",1,0.561094560032149,0.848730087920127,0.487829730456218,0.299201147963411,0.298258300692633,0
"t__SGB72838",1,0.30344082959256,0.24273503527475,0.258460888327988,0.847645856560819,NA,0
"t__SGB4753",1,0.471035566344471,0.426054464733515,0.548468743922254,0.07872966970353,0.0783180146494207,0
"t__SGB4031",1,0.265491766680753,0.435024855827653,0.204177317990217,0.44490823578903,NA,0
"t__SGB3961",1,0.00822750242028445,0.0518107102435874,0.0237795549384952,0.00094285642313825,NA,0
"t__SGB4987",1,0.261567942784347,0.115011127938871,0.203268263341068,0.511662558914787,0.510117351752198,0
"t__SGB15273",1,0.331283516177032,0.209029730317474,0.312030342230448,0.0697936128701536,NA,0
"t__SGB15131",1,0.0374524176273268,0.0945990844021471,0.016343414988211,0.00875707424036535,0.00869497395940289,0
"t__SGB14838",1,0.128122334404887,0.0635560523178766,0.0816486027971138,0.214932860882131,NA,0
"t__SGB4862",1,0.27830515287719,0.164105944899609,0.295304058323473,0.0268932183793157,0.0267075064263225,0
"t__SGB4613",1,0.541057050988985,0.613289469040685,0.548298834501875,0.907574555673572,NA,0
"t__SGB63353",1,0.356095255084815,0.329236845643565,0.294239586114201,0.420116474035286,NA,0
"t__SGB63101",1,0.170955316412563,0.150397130677363,0.189613292748699,0.152595998667406,NA,0
"t__SGB15459",1,0.339779157987182,0.394078108223884,0.278094647446943,0.439595987287248,NA,0
"t__SGB14797",1,0.266498382301308,0.525848533344043,0.289217009845646,0.876784319631748,0.875237321940335,0
"t__SGB14837",1,0.155575782868148,0.251720715393666,0.111892239755547,0.307730717368051,NA,0
"t__SGB48013",1,0.783962448904813,0.933899440768516,0.778374067781725,0.688125762702308,NA,0
"t__SGB4677",1,0.58700621273066,0.621415079952911,0.543041873760224,0.278711583156014,NA,0
"t__SGB29433",1,0.424037717967881,0.660551068919517,0.454946168010289,0.061160326525542,NA,0
"t__SGB72336",1,0.257417103746875,0.225234155900965,0.242179915284444,0.079902238174314,NA,NA
"t__SGB79883",1,0.275591319562871,0.356981376513418,0.212345596375558,0.444946953074089,NA,NA
"t__SGB59559",1,0.743742359554451,0.405602220857853,0.748233654927501,0.559129073758538,NA,0
"t__SGB17169",1,0.179551065407622,0.249946861131117,0.21774512125472,0.0727299653867624,NA,0
"t__SGB14995",1,0.274490918108314,0.758920358360211,0.20385585939187,0.975582026889352,NA,0
"t__SGB14143",1,0.514769457747523,0.72356081286809,0.45707495361171,0.920225731143447,NA,0
"t__SGB71394",1,0.229526522189619,0.0987748102387163,0.180327523776655,0.307972677852032,NA,0
"t__SGB79822",1,0.575408449872181,0.978563739630952,0.600444722790562,0.722857901884981,NA,0
"t__SGB4742",1,0.266565815342781,0.0172943375122712,0.196152495858363,0.187038459287879,0.186278179143378,0
"t__SGB7264",1,0.188807498937439,0.282015509960691,0.152162016606653,0.588209444466171,NA,0
"t__SGB2071",1,0.18050775574346,0.661291686752405,0.132463226055388,0.128181367843231,0.12750498380969,0
"t__SGB5184",1,0.365730459296178,0.563132439175178,0.309498881911588,0.880601869191665,0.878081140717369,0
"t__SGB5060",1,0.00482941786237309,0.0107976383935819,0.0141427976927137,0.237069403147787,0.236081517471352,0
"t__SGB15260",1,0.0136409511043687,0.0943953326791047,0.00452762526007142,0.259292246747203,0.258412739620978,0
"t__SGB1891",1,0.281731827704715,0.490210435066834,0.33958942334204,0.419404740139741,0.417604573135488,0
"t__SGB4588",1,0.679632762733791,0.881233177238341,0.636170210118329,0.925196501292381,0.922710738888064,0
"t__SGB1829",1,0.441017079544429,0.723031523371455,0.399384459015145,0.690941339722731,0.689340310485926,0
"t__SGB15447",1,0.586571036799437,0.481654375488703,0.566734014650774,0.132994339239235,0.132338349008183,0
"t__SGB14114",1,0.313385383867255,0.0801536372083302,0.326336991206606,0.326264177368255,0.324982587225553,0
"t__SGB5736",1,0.239078143708251,0.505981590033756,0.178724727384873,0.291226565144981,0.289735385566842,0
"t__SGB4966",1,0.45428236590706,0.679377839151625,0.452644118238893,0.188948064914811,NA,0
"t__SGB4448",1,0.878033900220074,0.971757597940522,0.973961124035479,0.158103024564258,0.157182868794043,0
"t__SGB4788",1,0.0377682989000283,0.00582251982881243,0.0693815315045017,0.213240771649162,0.212324956954103,0
"t__SGB4553_group",1,0.47221755736842,0.59626859409099,0.458756522668863,0.385284725204109,NA,NA
"t__SGB1846",1,0.903749124782611,0.767440994441806,0.902897792101009,0.46118265140689,0.45960056690142,0
"t__SGB14341",1,0.40336381209613,0.841848621446769,0.43436936180353,0.17982077723361,NA,0
"t__SGB15090",1,0.706423134690465,0.212915236523999,0.723867343610448,0.67851935076989,0.676635333244857,0
"t__SGB14990",1,0.244568042492677,0.227700441690731,0.313857111319073,0.207278360709734,0.206175133176453,NA
"t__SGB4746",1,0.659993332108557,0.518773480594801,0.63447547641383,0.667455713169608,0.665490933833863,0
"t__SGB1948",1,0.71646032463056,0.47118398770873,0.644739362771302,0.352523989519764,NA,0
"t__SGB15395",1,0.0891486767015138,0.0631765519689946,0.0556557617097044,0.00487910974901935,0.00484273779876059,0
"t__SGB15121",1,0.569110845575922,0.868850606561665,0.562524424045642,0.255779099914764,NA,NA
"t__SGB14027",1,0.149983084560951,0.0433650866106525,0.124272008326087,0.260019523773335,NA,0
"t__SGB14941",1,0.401573305751456,0.44494280433611,0.383080542918513,0.287259811295979,NA,0
"t__SGB4960",1,0.210805384129197,0.552865665405146,0.234757976397245,0.14107504607973,NA,NA
"t__SGB15278",1,0.036331017026997,0.00214681202530009,0.0161312219587182,0.00393659362683036,0.00390295407656465,0
"t__SGB14932",1,0.0189119229104243,0.0000693842430017355,0.00732170140037003,0.0118767120214089,0.0118051247010645,0
"t__SGB4725",1,0.142560927772596,0.195233725638072,0.0913999500938099,0.0482058798657043,0.0479463666418003,0
"t__SGB15045",1,0.0606775793460955,0.0943821514200915,0.0306240519810558,0.0806429681023158,NA,0
"t__SGB23477",1,0.188529451234253,0.0888039003226648,0.127562861983725,0.0570616532296698,NA,NA
"t__SGB29328",1,0.391667739617344,0.184367404999773,0.461593514356257,0.339956412288989,NA,0
"t__SGB15203",1,0.0445422258155363,0.0267633086840275,0.0204706859352805,0.0669043029577303,0.0665530244756005,NA
"t__SGB58519",1,0.161060261443156,0.358396804895148,0.126997985752209,0.0428976820924254,NA,0
"t__SGB4438",1,0.370216505586185,0.905424414987923,0.409203471904529,0.804764135073661,NA,0
"t__SGB4594",1,0.20551467553476,0.400982145141132,0.146711407269487,0.63483632361603,NA,0
"t__SGB15103",1,0.33851316405276,0.759919144393935,0.272825338526761,0.0970038400440702,0.0964097502918019,0
"t__SGB15087",1,0.46501645362003,0.0694880376906875,0.446893131753631,0.908677005550521,0.906562839440859,0
"t__SGB6846",1,0.877138917953055,0.958957930939092,0.878564264881169,0.957915097145643,NA,0
"t__SGB14960",1,0.0479516241986608,0.0143714949423623,0.0227041726510473,0.0252954470863583,0.0250720080490695,NA
"t__SGB8130",1,0.395317326735743,0.937374295749791,0.323644605086961,0.591754630164576,NA,0
"t__SGB14842",1,0.45055699784725,0.275432978544667,0.372300949402548,0.339853454739965,0.338676902720482,0
"t__SGB15159",1,0.184977241410644,0.260977168912282,0.130228601884398,0.15126746588442,0.150488658847737,0
"t__SGB15149",1,0.7075133772579,0.657989244861855,0.717484417517477,0.486942906097156,NA,NA
"t__SGB6747",1,0.283531755051718,0.855359612912678,0.339097103901705,0.858116125846204,NA,NA
"t__SGB15403",1,0.00462318251660644,0.0108722386292945,0.00115565682572072,0.000566487931793735,0.000561113446824467,0
"t__SGB15065",1,0.84635857670486,0.780296895883258,0.83101786908393,0.715013205608272,NA,0
"t__SGB14975",1,0.724730408115722,0.739347101520504,0.698615102650601,0.156113706105105,NA,NA
"t__SGB4905",1,0.056998281763313,0.123947657325328,0.0851942459385152,0.0408849521973047,NA,0
"t__SGB4617",1,0.903208331554817,0.34197920256531,0.889960441006425,0.774222958771537,NA,0
"t__SGB14844",1,0.0126008358926752,0.0517714968556766,0.00474942809300245,0.0221548548272873,0.022028563340989,0
"t__SGB63326",1,0.411288548123085,0.956677914048029,0.465331389053978,0.0577515069299609,NA,NA
"t__SGB4029",1,0.104397980459867,0.368426781886237,0.0698798525289011,0.00409486753544448,0.00405734949207637,0
"t__SGB63163",1,0.377261953793332,0.530091417713922,0.366149656736972,0.116268994746124,NA,NA
"t__SGB2311",1,0.0690837736633255,0.0493221053379305,0.0409777714512082,0.108741691818275,0.108175278987658,0
"t__SGB14898",1,0.277418442317255,0.311078835255632,0.23528146497172,0.64403230338557,NA,0
"t__SGB66170",1,0.0409276905230718,0.00455862548975094,0.0190172052395717,0.0158304256540735,NA,0
"t__SGB4626",1,0.59806334447881,0.820110087132198,0.558287284312731,0.512367923125012,NA,NA
"t__SGB15878",1,0.0201043371902135,0.0986450580421272,0.0377238509514182,0.00782728017145328,NA,0
"t__SGB14125",1,0.659981361181949,0.36402279614061,0.680382576998304,0.0507417443939354,NA,NA
"t__SGB4447",1,0.125796779881562,0.0039538621392412,0.155033650290818,0.462052071481904,0.46014889602404,0
"t__SGB7259",1,0.579083072098779,0.302127077298161,0.557053837336733,0.328188254516662,NA,0
"t__SGB6767",1,0.34831035524729,0.0784221701157117,0.288626928279724,0.398956910661216,NA,0
"t__SGB14895",1,0.808785932363757,0.83690893349333,0.807739273170825,0.755694188707679,NA,0
"t__SGB4030",1,0.652505572832466,0.773415470139297,0.610343846386692,0.873622436017354,NA,0
"t__SGB4614",1,0.848551326652054,0.287134775120001,0.847695112766432,0.552009696618932,NA,0
"t__SGB59869",1,0.0370442443292204,0.0141089281135653,0.062437718104983,0.244436442926275,NA,0
"t__SGB7295",1,0.0663416909678431,0.000478790642804983,0.0331993245356619,0.00154619447208902,0.0015334657251775,0
"t__SGB17157",1,0.0775528690552962,0.363878076093801,0.114257816907112,0.0861278807516476,NA,NA
"t__SGB8249",1,0.145018648506155,0.132848240932198,0.091906261199447,0.472236403321224,NA,0
"t__SGB6826",1,0.0637413916374354,0.000419623071687525,0.0322087292626723,0.000033846810966773,0.0000334328467001831,0
"t__SGB4421",1,0.49785474971194,0.464993091138141,0.491639505384632,0.060746858667748,0.0603810137608543,0
"t__SGB4810",1,0.356167985689276,0.596341318812205,0.412741512003549,0.914979789148572,0.912914281200443,NA
"t__SGB15201",1,0.237038756173257,0.000499311915389988,0.170427502573268,0.000916481605522035,0.000908878714572775,0
"t__SGB15213",1,0.0838948775542764,0.00207148895259901,0.0462993887011275,0.338834165763503,0.337505232017254,0
"t__SGB7265",1,0.0539828804220961,0.0305883197804642,0.0265517497712376,0.00729437516939745,NA,0
"t__SGB15156",1,0.0393590904819673,0.109002446906817,0.0177293855444467,0.00276322507285121,0.00273700589595908,0
"t__SGB4687",1,0.0988846655917857,0.076450165904713,0.05724525145705,0.0202224445448334,NA,NA
"t__SGB5193",1,0.23652258600703,0.0166557296464487,0.169366923054023,0.0749829617365075,0.0744237763236518,0
"t__SGB15076",1,0.0845256434420206,0.105441280717273,0.0464327732236078,0.00326903377816527,0.00323984027194134,0
"t__SGB17154",1,0.99753822215273,0.322218543518509,0.971888648054262,0.945292422876131,NA,0
"t__SGB72479",1,0.950249469610329,0.482377142733089,0.903633774638288,0.527935964425016,NA,0
"t__SGB6771",1,0.839167676853697,0.361037232359311,0.835977190415918,0.481731604381258,NA,NA
"t__SGB17130_group",1,0.217060240249141,0.409366046483919,0.156329287390685,0.831555030098476,NA,NA
"t__SGB6007",1,0.119719118537509,0.197816795355453,0.0718865343711159,0.00000145047397793252,0.00000143096278692589,0
"t__SGB14874",1,0.0662355510653483,0.197278921353075,0.0336160308382976,0.00432011431143754,0.00427483825945409,NA
"t__SGB4630",1,0.229200301674154,0.369815871429178,0.270472458147803,0.133770281375526,0.133131025905031,NA
"t__SGB14808",1,0.344476850524269,0.286704637661529,0.364087473400562,0.139386821201118,NA,0
"t__SGB17137_group",1,0.0427353541993844,0.0646765716093092,0.0215195757703539,0.0386033101893414,NA,NA
"t__SGB14962",1,0.235220533867877,0.305766303021356,0.168855768510282,0.31880490459005,NA,NA
"t__SGB1699",1,0.141086503616604,0.197751664255997,0.107387661012747,0.317860356760034,0.316475688929191,0
"t__SGB1957",1,0.235065597420036,0.113195167890475,0.19521980010771,0.516835880709064,0.515112261146213,NA
"t__SGB14965",1,0.204090180505972,0.188234986228986,0.140984066716151,0.00155031902912626,0.00153536815769679,NA
"t__SGB5842",1,0.00350450924273524,0.0024617839987735,0.000812024344404158,0.000000376931661919049,0.000000371535119920856,0
"t__SGB4760",1,0.139565960026649,0.161954241096223,0.0863323044833228,0.048439880442143,0.0481507675791764,0
"t__SGB6014",1,0.128815196128657,0.141042078660027,0.0785301565017871,0.000311794505991413,NA,NA
"t__SGB17158_group",1,0.0748174616322635,0.224658659451368,0.111101274418396,0.505015322342164,NA,NA
"t__SGB4957",NA,NA,0.398591257456788,0.562590484485853,0.939279917711397,NA,0
"t__SGB10115",NA,NA,0.967260449744042,0.866678800043285,0.798402788621534,NA,0
"t__SGB4751",NA,NA,0.144477114184928,0.308016309272204,0.663355291249184,NA,0
"t__SGB1853",NA,NA,0.821553908449279,0.946712848224156,0.518087858906469,NA,0
"t__SGB19823",NA,NA,0.618923211352383,0.368969622583305,0.563171197850055,NA,0
"t__SGB15015",NA,NA,0.218230474707147,0.0410618031465374,0.0120249198559106,NA,0
"t__SGB9228",NA,NA,0.0635413786952297,0.173383460006365,0.763359292907585,0.760594824681291,0
"t__SGB4763",NA,NA,0.926703805170961,0.330547987786527,0.522262048557241,NA,0
"t__SGB4703",NA,NA,0.746177026402526,0.702696855358216,0.577157897182917,NA,0
"t__SGB71883",NA,NA,0.997241446496319,0.597758013900312,0.582280164315073,NA,0
"t__SGB10130",NA,NA,0.595091990244354,0.328155200732288,0.673040106760724,NA,0
"t__SGB14972",NA,NA,0.978653999953746,0.88939556325714,0.398010835983043,NA,0
"t__SGB4041",NA,NA,0.312542457691663,0.257836605617189,0.130244398411622,NA,0
"t__SGB4786",NA,NA,0.135803530863257,0.803514742709757,0.0397128352924802,NA,0
"t__SGB4166",NA,NA,0.533000584511474,0.19768877126627,0.105181501615421,0.104380439603829,0
"t__SGB4529",NA,NA,0.857701429339625,0.617571989265209,0.700606346466907,NA,0
"t__SGB7082",NA,NA,0.787273971562486,0.929228500114673,0.419079314298729,NA,0
"t__SGB4583",NA,NA,0.108570128391883,0.169379197256473,0.760340375110979,NA,0
"t__SGB4834",NA,NA,0.475292372939468,0.0938591003789442,0.55084712171787,0.547786964900927,NA
"t__SGB4718",NA,NA,0.518273756480543,0.398300296668447,0.419079314298729,NA,NA
"t__SGB5858",NA,NA,0.657284024575475,0.588592134002907,0.227353822916746,NA,NA
"t__SGB8057",NA,NA,0.860452207310256,0.705522664439181,0.760702306428474,NA,NA
"t__SGB6962",NA,NA,0.829197998073038,0.665731315768204,0.286225979026569,0.284538632763652,NA
"t__SGB9272",NA,NA,0.892481370411092,0.729227680643196,0.92740835145385,NA,NA
"t__SGB4710",NA,NA,0.871817907095469,0.623194154183914,0.892297304559321,NA,NA
"t__SGB16986",NA,NA,0.904725794304046,0.418864611701457,0.600920732618873,NA,NA
"t__SGB97158",NA,NA,0.956824562478127,0.84535101772733,0.640255890898453,NA,NA
"t__SGB5182",NA,NA,0.997447914969841,0.286202182065494,0.939203558108229,NA,NA
"t__SGB6031",NA,NA,0.40735317112038,0.313415403759255,0.301821624807477,0.298986806042867,NA
"t__SGB5803_group",NA,NA,0.0999763406447496,0.0582859281138431,0.1210596515657,0.119824899859201,NA
"t__SGB5868",NA,NA,0.327261267171867,0.191734597488477,0.0843775637212013,NA,NA
"t__SGB10114",NA,NA,0.392797100381956,0.320115926028987,0.398508143037314,NA,NA
"t__SGB4709",NA,NA,0.149865202322734,0.205972808510763,0.0428544659598812,NA,NA
"t__SGB4040",NA,NA,0.544754690670099,0.398414872735377,0.841744175974697,NA,NA
"t__SGB77276",NA,NA,0.181304203753373,0.26508259757932,0.100002281749767,NA,NA
