"","SRR13836088","SRR13836076","SRR13836083","SRR13836070","SRR13836086","SRR13836068","SRR13836077","SRR13836099","SRR13836098","SRR13836152","SRR13836178","SRR13836143","SRR13836172","SRR13836139"
"Ruminococcus_bromii",0.154055388510228,0.136411296274385,0.00035242533591292,0.000268170768414617,0,0.000624523384994701,0.10632694044922,0,0.0492717833439947,0,0.223896431039085,0.000967109056996562,0.0207361776515239,0.0624277601368527
"Coprococcus_eutactus",0,0,0.0233180723622314,0,0,0.00435431880882572,0.0191236867466695,0,0,0,0,0.0963998044405789,0.025750658935251,0.0517261236798972
"Dialister_invisus",0.0385258910312718,0,0.0558709376450275,0,0.0806394229016426,0,0,0.000152338533041277,0.00265637609911248,0,0.000843315017878949,0.00231805590463783,0,1.1359747976656
"Eubacterium_rectale",0.061629450316266,0.026705973156854,0.00466462455790204,0.204340582226007,0.171120914718916,0.181497214118677,1.82300887348046e-05,0,0.0437450142567319,0.122714849461365,0.0131167264218175,0.0931024763391183,0.00405584753944444,0.000831703095359571
"Phocaeicola_vulgatus",0.565110478253311,0.337438017802404,0.0292736926343067,0.38835224427216,0.280285629081464,0.237675438694614,0.273803203342652,1.21882456270546,0.346881321174158,0.973619891130993,0.991489970059729,0.502106176846521,0.510932934955784,0.360279687706854
"Bacteroides_uniformis",0.979472164565658,0.338544334257572,0.665266787304941,0.112184378517362,0.301908651123742,0.240318986708341,0.33288531312117,0.437480915771639,0.102105569983171,0.275098315598888,0.942496605579702,0.20800017967263,0.449695155078673,0.677765173292096
"GGB3619_SGB4894",0.00497783638492227,0,0.0106163413036374,0,0,0,0,0,0,0,0.0103364833105513,0.0107467901794431,0,0
"Bacteroides_cellulosilyticus",0.0188056573462502,0.00725527029905317,5.72532323168667e-05,0.000132928779810085,0,0.000664610572442652,0.0140841664026841,0.00012112035338366,0.00364410155435567,0,0.0893012394275021,0,0.000118494794711418,0
"Phocaeicola_massiliensis",0.0924115077849394,0.0591038335202666,0.00136895815473487,0.29116168403117,0.000245053628461156,0.000965810498855956,0.119117479152648,0.00018055858301287,0.0826572192104078,0,0.00157160739146963,0.0858872905095154,0.182802892407354,0.00110395827080512
"GGB4684_SGB6478",0,0,0.027823022785565,0,0,0,0,0,0,0,0,0.0120568567201105,0.00316397534785255,0
"Clostridium_sp_1001270H_150608_G6",0.0435584868895501,0,0.000158220497659157,0,0,0,0,0,0.0311221100659419,0,0,1.04824038237464e-05,0.0302448338511362,0.147928021432076
"Akkermansia_muciniphila",0.00168029408255994,0,0.0149314344910572,0,0.000268889399081705,0.0371741413623131,0,0.000415730708844222,0.00939054888359043,0,0,0.197413316066504,0.0308801648311661,0.000108114108505579
"GGB3277_SGB4327",0.000589615610649366,0.12098313495323,0.000408910596287214,0.0150781787506141,0,0.000535099713621173,4.34339137813781e-06,0,0,0,0,0.0218637761426501,0.129552616588737,0
"Alistipes_putredinis",1.12222324009063,0.733473928555596,0.811081721849255,0.587232158125907,0.00458426704154531,1,0.319113528724758,0.277083566636323,0.123668714485399,0,0.559179456340857,1.13926967219084,1.15283784812334,0.0027173583422037
"Enterocloster_SGB14313",0,0,0.00186675780859946,0.000227115842464125,0,0,0,0,0,0,0,0.0153454762058473,0,0
"GGB9758_SGB15368",0.179847647462045,0,0,0.00455615911923242,0,0,0,0,0.00153864470556066,0,0.000205085996229692,0.0819931362579018,0.169193907074635,0
"Roseburia_inulinivorans",0.00496183335768928,0.00577971749667716,0.000908611497843204,0.0400246206081682,0.0445961737608364,0.0116584996097405,0.0319208187839701,0.0012507109975426,0.167571009776915,0.0220192757182228,0.0155931238671359,0.0123547361543175,0.00721948122974084,0.0109978552570673
"Ruminococcus_lactaris",0,0,0,0,0,0,0.0332797363126405,0,0.00433563137424724,0.0615657383334012,0,0.0184844241752126,0,0.00391390694374463
"Bacteroides_xylanisolvens",0.0387095680721886,0.0211076937334569,0.020564976276038,0.000981138575534491,0.000603732301932058,0.0632344089790543,0.0230484054206007,1.52149997549191,0.0232852395307752,0,0.285320981430151,0.00541187859830368,0.020650473185235,0.0210035040069361
"Clostridium_sp_AM49_4BH",0,0.00904085897992306,0.00074511929821996,0,0,0.00205102123572199,0.000539553287604013,0,0.00083849024735736,0,0.00580904752956997,0.00134685311506282,0,0
"Lachnospira_sp_NSJ_43",0.000858610002783823,0,0.00018207289011857,0,0,0,0,0,0,0,0,0.00608521095764926,0.040470412876647,0
"GGB3256_SGB4303",0,0,0,0,0.302658099851308,0,0.137808330137315,0,0,0.0938613496263009,0.000156090511196799,0.0761637794382331,0,0
"Paraprevotella_clara",0,0.0238088922279467,0.0536051959984111,0.0113690096635738,0.0610684836399489,7.98690243030168e-05,0.124440853080816,0,0,0,0.000167879293858203,0.000476597458584065,0,0.000152887199522177
"Eubacterium_SGB6276",0,0,0.00548165852602211,0,0,0,0,0,0.00339004431104495,0,0,0.0219425094189309,0.00536714822699255,0.0254610812521823
"Clostridium_SGB4648",0,0,0,0,0,0,0,0,0,0,0,0,0,0
"Eubacterium_ventriosum",0.000351773263871891,0.00650016408519967,0.000910326051879736,0.0246039254257651,0,0.00207454219718593,0.0368469328294588,0,0,0,0.00335665090407544,0.0124720637868457,0.0386124192274606,0.0130949150588467
"GGB9345_SGB14311",0.00127089964353374,0,0.000887100530334685,0,0,0,0,0,0.00138499169582574,0,0,0.00428113857267492,0,0
"Odoribacter_splanchnicus",0.0204198739592087,0.0237052386448058,0.0217118203563013,0.0158866705277089,0,0.0144658563570272,0.00327095878210472,0.000134445996910349,0.00467233147520999,0,0.0135885612603588,0.0853839298349572,0.0359225444522329,0
"Dorea_longicatena",0.00187870222201397,0.0109050276773974,0.00441937971063137,0.00954687359578351,0.00903908006981127,0.0616835065953884,0.00612502205275225,0.00414450166846094,0.201418681266733,0.00460662940500278,0.00478478355802876,0.0068078666803875,0.000281080209931504,0.00181507544821348
"Parabacteroides_distasonis",0.0451394391534269,0.0207910859787605,0.0183643041124645,0.00783566111892747,0.000454917564818348,0.00417963834792095,0.189433871668858,0.186401457976594,0.0153708508325021,0.0574101727075047,0.117574234125478,0.0887638532806937,0.0198518015267385,0.0155834897131839
"Faecalibacterium_prausnitzii",0.142950565140577,0.863106310329383,0.266902402349845,0.122407251739868,0.92733359607327,0.412279531790802,0.689482381159971,1.23292138518424,1.24112137040347,1.18103464986846,0.353820464616158,1.17149962142536,0.33911198413841,0.452784327903731
"Roseburia_faecis",0.0194991555098371,0.197358195150161,0.0018789816574702,0.500701897329093,0.315944400543153,0.0271531881381268,0.0985254897771693,0.0466922049973992,0.0794995493363083,0.0228406380352897,0.0832293500221495,0.21625615983432,0.0304808508534467,0.130517155821668
"Coprococcus_comes",0.0568703384680822,0.0142652854225583,0.000469075304950893,0.00241609373246584,0.00917793425076301,0.00370388454825916,0,0,0.0019300278936564,0.0198851932962349,0.0120966769836943,0.00368865032317767,0.00245081068984873,0.0318234430859022
"Bacteroides_faecis",0,0,0,0,0,0,0,0,0,0,0,0,0,0
"Barnesiella_intestinihominis",0.159590827255185,0,0.0106778387509406,0.0713494665738988,0.000220268180699167,0.0408173473060057,0,0.00153234158969889,0.00123665365578891,0,0.000479990424306612,0.14413848728597,0.0887676051203538,0
"GGB3746_SGB5089",0,0,0,0.0197649552156163,0.0254866286568552,0.00023243042384807,0,0,0,0.0149813786075578,0.00146916908986068,0,8.73521110694978e-05,0.00112228288012585
"Intestinibacter_bartlettii",0.000686218062138323,0.0033825428772003,0,0,0.00294882897363536,0.000328946030637385,0.00341653819055131,0,0,0,0,0,0,0
"Desulfovibrio_SGB5077",0,0.0175201837334705,0.000265319511826493,0.0118392937254012,0,0.000249829563353707,0,0,0,0.0185222233569072,0.000526738040736379,0,0.0177797717982341,0.000124872565046451
"Firmicutes_bacterium_AF16_15",0.0270519799115569,0.0324654408445482,0.122018618761811,0.000444871403318445,0.0229342095729586,0.030154913222182,0,0.00371670646386971,0.135521673375641,0,0.00756839884119577,0.0176694374929526,0.0310341818119104,0.0156132736424814
"Bacteroides_caccae",0.000197208225278375,0.0274053402099371,0.1972655424948,0.0259600597831466,0.100231100993423,0.0275582219234117,0.0316897741888586,0.00107887319080523,0.0245296062699285,0,0.0686898315400006,0.00175748316509821,0.0359715115763712,0.102865136324096
"Ruminococcus_torques",0.00288218695847925,0.0042505747459992,0.00556194107774432,0.0507752276559255,0.0237195607255725,0.0132856180576145,0.0249089324809047,0.138197540445923,0.271323074229414,0.0551236855395757,0.0293424339877886,0.00794708323789727,0.00877466555518984,0.0115346285853924
"GGB9342_SGB14306",0.0219007371530522,0,0.000586888053033795,0,0,0.00633734475250309,0,0,0.00957249313516233,0,0,0.0130127846510415,0,0
"Clostridium_sp_AF12_28",0,0,0,0,7.51672685863045e-05,0,0,0,0.0557344048919337,0,0,0,0.000502856805926691,6.54835012927398e-05
"Bacteroides_finegoldii",0,0,0.00195800019140012,0.0241937938214005,0,0.0380647249585909,0.010332466812145,0.00011016885066938,0.000621326585773331,0,0.000193692475038705,0.000993777728074325,0.000271501929058814,0
"GGB9359_SGB14334",0,0,0,0,0,0,0,0,0,0,0,0,0,0
"Dorea_formicigenerans",0.000214419700823735,0.00157604790166243,0.000744643821285876,0.000825797507513665,0.00259682998019795,0.000259505063768931,0.00278641702269653,0,0.00899700392818599,0,0.000813654402841349,0.0021125551600317,0.00176371590196111,0.000220277265150707
"Veillonella_rogosae",0.000675538228179171,0.000231436476740211,0,0.000335742600544078,0.0137485814529271,0,0,0.00102929772000922,0.106061770656973,0.0139200261617205,0,0,0,0
"Clostridium_sp_1001270J_160509_D11",0.00140472722966975,0.000522999095456309,0,0,0,0,0,0,0.0479994809387493,0,0,0,0,0
"GGB9636_SGB15107",0,0,0,0,0,0,0,0,0,0,0,0,0,0
"Phocaeicola_dorei",0.00533976913679786,0.00211344094431126,0.000633234425310931,0.0425471807411672,0.00203514058128221,0.0213614570676781,0.0768039701989932,0.00552011651227186,0.0296153265343141,0,0.0144306574809466,0.00316698435629032,0.00106107024110165,0.000850637325640476
"Ruminococcus_bicirculans",0.0179395536278662,0.811623149035206,0.0012446973415751,0.000179430397132426,0.000172821114335388,0.0401127938702127,0.919392468831202,0.0136814968581577,0.0165273470724893,0.00110941152910955,0.412644255552253,0.0472150962834913,0.334950377607629,0.0313658795282717
"Bacteroides_ovatus",0.100977405206137,0.0172102216906591,0.132853949382702,0.0649130351583851,0.0835901310179662,0.0775078315904477,0.0381319152818821,0.0475981890837652,0.00736443260259352,0.0176891734012665,0.368969410705002,0.0223441370846919,0.0520327275201128,0.134447113749682
"Lachnospiraceae_bacterium",0.000156619291481329,0,0,0,0.00695754949196246,0,0,0,0,0,0.000142089383533177,0.000406183948214358,0,0
"Faecalibacillus_intestinalis",0,0.00123953463111268,0.000591117103565869,0,0.00151446752063254,0.000544624850651486,0.00652816518691289,0.00142755181050827,0.0551631369241816,0.00964989879301371,0.00285904928617456,0.00186380013103275,0.000572618154517214,0.000353600955448188
"GGB3612_SGB4882",0,0.00210346821736795,0,0,0,0,0,0,0,0,0,0,0.0545398954395908,0
"Blautia_wexlerae",0.00343104296516402,0.00350234415346234,0.00147120442702716,0.0548126074667597,0.0553803524761567,0.00722999088289056,0.00170314362832356,0.0261319410546648,0.0448229327279248,0.0235454720309179,0.0158517255254105,0.00468917508904639,0.0048809626743996,0.0581395565773968
"Eubacterium_siraeum",0.0384613768991637,0,0,0,0,0,0,0,0,0,0,0,0.0891756303967258,0
"Eubacteriaceae_bacterium",0.00685555487007842,0,0.000293799947050707,0,0.00305082460882136,0.00149233610898434,0,0,0.00119629645381174,0.00826521623825324,0.00188506353413397,0.00929358300244119,0,0.0264252590930671
"GGB3653_SGB4964",4.61026490288456e-05,0.00134832149123424,0,0,0.00495927622266193,0,0,0,0,0,0,0.00602738307504618,0,0
"GGB3614_SGB4886",0,0,0,0,0,0,0,0,0,0,0,0.00527049203482639,0,0
"Staphylococcus_SGB6340",0,0,0,0,0,0.00275718465546874,0.0049825621597443,0,0.00978229334809446,0,0,0,0,0.0598183833495458
"Parabacteroides_merdae",0.175291205846947,0,0.075326565810172,0.0601831017959043,0.000301577962315826,0.052293335928554,0.000246359683670864,0.188159707687543,0.00875207507614505,0,0.00011707280312798,0.20275545891503,0.0420888555615061,0.137758940421216
"Phascolarctobacterium_faecium",0.0157293234145873,0.032805871487883,0.00227657412904516,0.866602603820258,0.03833772214168,0.00128662147014321,0.430430667599082,0.0331658880316931,0.0117943345208059,0.0782016845976913,0.748544043098479,0.024278541683425,0.038741682796081,0.00103224755685908
"Clostridiaceae_bacterium",0.0125405848549944,0.042886181618354,0.00483483155949708,0.0154080468412229,0.0285502329329146,0.00142257542232476,0.0150903465436968,0.0182249679768388,0.245783891412348,0.0507366113904363,0.0252752545797046,0.0102055522593629,0.00189265733644733,0.00149506094552424
"Faecalicatena_fissicatena",0.0223659621575024,0.0143709126018633,0.000886937849051593,0.00340769309925263,0.0183772728696787,0.000225390671091337,0,0,0.0145209136667155,0,0.00975633562670099,0.00401019971504349,0.045317375022149,0.014250190927407
"GGB51269_SGB5062",0.00299559351243827,0,0,0,0,0,0,0,0,0.0492092980955194,0,0.00680948325585257,0,0
"Blautia_sp_Marseille_P3087",0.000147843306590388,0,0.00232338873919143,0.000173733214181177,0.000521484389166685,0,0,0,0,0,0,0,0,0
"Butyricimonas_virosa",0,0,0,0.00388391087031384,0,0.000701768448610174,0.0134698613746082,0,0,0.0326457229589861,0,0,0.0127177920164179,0
"Escherichia_coli",0.0566089958847663,0.000389861406665032,0.00728859728386529,0.0558320771617204,0.00407550054352714,0.00407061959966902,0.0316247976352244,0.695701335910628,0.0684587776392392,0.000920980724202154,0.00425308422511891,0.0108001551093647,0.0304199816100235,0.0174396275824251
"Streptococcus_thermophilus",0,0,0,0,0,0,0,0,0,0.000201595113562776,0,0,0,0
"Bacteroides_stercoris",0.417973137090837,0.221700172379865,0.0557137440380568,0.130768774388428,0.0022377387015814,0.143526367434233,0.0819561276827501,0.00279079743424252,0.147855372649446,0,0.00645128832630161,0.402815647135295,0.291455436303051,0.120155810241281
"GGB9747_SGB15356",0,0,0.0546060338408229,0,0,0,0,0,0,0,0,0.114049599887147,0,0
"Clostridiales_bacterium_KLE1615",0.000902971980700329,0.00212132454245405,5.06316440478752e-05,6.63319214401989e-05,0.0114024911274851,0,0,0,0.0359610612297965,0.0134526286800454,0,0.00493617119821002,0.000642788853048363,0.00107350732213856
"Blautia_faecis",0.00144798793193796,0.0112158808627392,0.00496367809215901,0.00936368149916651,0.00862767178305326,0.000865352082811394,0.000557517088883583,0.00186591097139346,0.0144882914259542,0.0151085562025035,0.00422271309532898,0.000369578094671531,0.000392682485631898,0.0075898060069333
"GGB9512_SGB14909",0.0084814756237751,0,0.000640277149288092,0.00326474496169485,0.000262598564892458,0,0,0,0,0,0,0,0,0
"Candidatus_Cibionibacter_quicibialis",0.143019003618094,0.089370829693988,0.00911869568017395,0.0322363014628079,0.00348087826925782,0.352540195298792,0.151428771639518,0.0316178241209307,0.0889853470627236,0,0.0675518920269482,0.0152518248645348,0.0316462510997477,0.36761834476967
"Blautia_obeum",0.0011820077850498,0.00364383302226578,0.00139689487764465,0.0008106425502857,0.0262016539128051,0.00174427411312895,0.00171166933899436,0.00327606798723613,0.00191361208035531,0.019079485930696,0.00145415336887625,0.00256455369205563,0.000399195996948795,0.00104627737384513
"GGB9635_SGB15106",0,0,0,0,0,0,0,0,0.000116498163768774,0,9.86897657609147e-05,0.00132826697702148,0,3.49948031070784e-05
"Coprobacter_secundus",0,0,0,0.000276459685683189,0,0,0,0,0,0,0.00230532502228081,0,0.00208237764281719,0
"Anaerostipes_hadrus",0,0.00146358495257578,0,0.000108114086882128,0.00971880097352048,0.00143381974435567,0,0,0.00466699393866622,0.0128676503732798,0.00256752562663643,0.00281449260439026,0.000328767171182476,0.00641785402489269
"Lachnospiraceae_bacterium_AM48_27BH",0,0,0,0.00401757684147858,0.0029110046083356,0.00044197553963386,0,0,0,0.00928995586354238,0.00264146178839117,0.0263958440209942,0.00643528190857767,0.00202816752259679
"Blautia_sp_MSK_20_85",0,0,0,0,0,0.0028924676629782,0,0,0,0,0,0.000959298992432195,0,0
"Bacteroides_salyersiae",0.0255240284943649,0.0230589090305153,0.131590864348202,0,0.0630956471344833,0.00615534023268978,0.0584489958562054,8.91001117500443e-05,0,0,0.000203874439416738,0,0,0
"Fusicatenibacter_saccharivorans",0.00781669332712587,0.00990157657663138,0.00198890751044791,0.00312960103951669,0.0126931612015458,0.00933398791484075,0.006226583308684,0,0.0149341942298407,0.0293250163424763,0.0229651400768816,0.0184342161877041,0.00135035447230815,0.0135066017764236
"Anaerobutyricum_hallii",0.000286305665825443,0.0117702478176346,0,9.3467619412594e-05,0.00421851723045408,0.000303412261260688,0.000893761386335162,0,0.00799459502018416,0.0175107861237758,0.000574766635780613,0,9.2411064037606e-05,0.000994335688798443
"Clostridium_fessum",0.00440132348216239,0.00560263695238946,0.00131626607800173,0.0330036805782917,0.00241609880413799,0.00120136832545398,0,0.0226825960153969,0.0361663852597975,0.0403807403793573,0.00956554311015643,0.0269658438126692,0.00390582815664585,0.00450634075551115
"Lachnospira_eligens",0.00676580067503516,0.0225968798227332,0.00412152308404084,0.00681795664153902,0.152398151649356,0.000271145970636108,0.00143859232333115,0.345893695942811,0.0014584254160352,0.193623780492461,0,0.000280884830170398,0.000962297145092809,0.00813143634082729
"Clostridium_sp_AF34_10BH",0.00120561924183986,0.00954020913239723,0.01956799592444,0.0452015595111698,0.109200701093356,0.00357830177025562,7.8996735197173e-05,0.0220651350937975,0.0414290517876977,0.462608980025329,0.0169599170059379,0.00898385264695968,0.00207742429372447,0.0722062233829412
"Eubacterium_sp_AF16_48",0.010976093476702,0,0.0131307021427809,0,0,0.000288932873551523,0,0,0,0,0,0.00148152376533021,0,0
"Lachnospiraceae_bacterium_BX3",0.00634036144678486,0.00228141122351453,0,0,0,7.61431503431525e-06,0,0,0,0,0,0,0.00502835683447693,0.0116371862679548
"Streptococcus_salivarius",0.000830119547238531,0.00247105603993621,0.0123745424334747,0.00332588797905085,0.00336273650626795,0.00193553786539024,0.00264354437578439,0.00549961241032752,0.00132237397960225,0.0455493294958962,0,0.000595016296479977,5.24118933343062e-05,0.00061334825951504
"Clostridiaceae_unclassified_SGB4771",0.00017883460741406,0,0,0.000475313011256049,0.000504709274651152,0.00196252228423054,0,0,0,0,0.000160118621398054,0.000168050828632993,0,0.0014339929972374
"Haemophilus_parainfluenzae",0.000399579240363611,9.34676567986722e-05,0.00160244406390096,0.000542898904586538,0.00198177661448675,0,0,0.000814643663759793,0.868814909714793,0.00948766514884128,0,0.000785760253451818,0.000170566552866601,0.00121595020736613
"Bacteroides_clarus",0,0,0,0,0.0686011337389488,0,0,0,0,0,0,0,0.00428340622854206,0
"Roseburia_hominis",0.00308513583332763,0.0140194847774735,0.0337934204268458,0.00699140139586831,0.00219054924951156,0.00834914127324513,0.00783713662086728,0,0.0987641890167393,0.00643434885788415,0.0110106547341186,0.130937493397077,0.0276615328082187,0.00220216157315824
"Blautia_SGB4815",0,0,0.000160118621398054,0,0.0107527095166906,0,0.000288572106636757,0,0,0.000686780084328018,0,0,0,0.00050072693654552
"Parasutterella_excrementihominis",0,0,0,0,0.0278320390143433,0,0,0.155174592753682,0.000550211366232222,0,0.00858574762576455,0,0,0
"GGB9712_SGB15244",0,0,0.00345243912105597,0,0,0.0143009369322316,0,0,0,0,0,0,0,0
"Clostridium_sp_AF20_17LB",0,0.004662469113142,0.000107342935276785,0.000112685136834056,0.000774696945129926,0,0.0142785921293876,0,0.01013748810488,0,0.00120015362940936,0.000714567300931498,0.000522107945284072,0.0015829026108467
"Clostridium_sp_AM22_11AC",0.000441533999250464,0.00184674799708243,0.00033609675039847,0.013075674617231,0.00181311424432134,0.000943714973612638,0.0180063483693837,0,0,0,0.0181180961471532,0.00148043043235556,0.00314853998193671,0.000916708345430671
"Clostridiaceae_bacterium_AF18_31LB",0,0.00609675282588583,0.000127591015738382,0.00150449180132432,0.00338632228675403,0.000160703504343766,0.00517328428420008,0.0127032899735144,0.00754017663567998,0.00301023485673907,0.000961072960094987,0.00770494626408305,0.00131404744135627,0.00116696347454698
"Clostridiaceae_bacterium_Marseille_Q4149",0,0,0.0528468586560338,0.0382346168931931,0,0,0,0,0.00899131996483388,0,0.110512174058248,0.00593678381516389,0,0
"Collinsella_SGB14861",0,0,0.00254510803966049,0,0,0,0,0,0,0,0,0,0,0.00860012946758685
"Lacrimispora_celerecrescens",8.7612373738265e-05,0.000390396202800266,0,0.00013425171609434,0.000619401387882604,0,0.000241154973966653,0,0,0,0.00057516306658211,0.000776276323446245,0,0
"Roseburia_sp_AM16_25",0.000176350135139973,0.00468418153058918,0,0.134440547536232,0.000158842065849132,0.00101062088172484,0,0,0,0.0198137967747355,0.00198743164107704,0.000841320212635554,0.0127913998471413,0
"Clostridium_sp_AF36_4",0.0155065894558556,0.0184332502313293,0,0,0,0.00860505591117491,0,0,0.00949826424299015,0.00484350099826017,1.51056390799081e-05,0.0365584736556731,0.0757409499860362,0.0634792595646976
"Oscillospiraceae_bacterium_Marseille_Q3528",0,0,0.000132294015677111,0.000351156003553815,0.00126635215891847,0.00089813380477676,0,0,0,0,5.08262275335528e-05,0,2.8428057299697e-05,6.75549712225955e-05
"Dysosmobacter_sp_BX15",0.0472285306549085,0.112697708054223,0.0573796539497243,0.366828029103409,0,0.00499435775379754,0.0910398622997438,0,0.0981438422406855,0,0.0345120092079332,0.0805582177584424,0.0829217452420666,0.0379794144793207
"Coprobacter_fastidiosus",0,0,0,0,0,0.000922013058141131,0,0.00588693212415367,0,0,0,0.294902298899116,0,0
"Coprococcus_catus",0.000448469993069912,0.000995805281636993,0.000464236288680818,0,0.00200201016227735,0.000121526641540257,0.00209943304425512,0,0.015184016878516,0,6.68779691231051e-05,0,0.000124707898645271,0.000725881431417098
"Butyricicoccus_sp_AM29_23AC",0.00150322281825889,0,0,0,0,0,0.00156094314615722,0.107109521103358,0.0285989961485977,0.00339691786871231,0,0.0017467500672172,0.00937879751060815,0.00244236702605279
"Dorea_sp_AF24_7LB",0.000122292661996896,0,0,0.000798699596326093,0,0,0,0,0,0,0,0.000121445788876444,0,0
"GGB2982_SGB3964",0,0.0016425800216883,0.00115275359991336,0,0,0.000180970680795812,0,0.0163345784298176,0,0,0,0,0.00314135423647073,0
"Coprococcus_SGB4669",0,0,0,0.000401051685342079,0,0,0,0,0,0,0,9.86212444673016e-05,0,0
"Faecalibacterium_SGB15346",0.0211578584360105,0.106424816222504,0.0263452650296492,0.0356663909716977,0.279613455779776,0.0302276309971949,1.13431733842451,0.331545799657518,0.0373122983521953,0,0.0927406685877448,0.300982367637376,0.105306572987402,0.157586360260158
"Catenibacterium_SGB4425",0.00344256696518174,0,0,0,0,0,0,0,0,0,0,0.0121657874051444,0,0.0072172117370678
"Clostridium_sp_AF34_13",4.44440933490602e-05,0.00782186179129157,0,0,0,0.00784742358825511,0,0,0,0,0,0,0,0
"Eubacterium_ramulus",7.14998104793452e-05,0,0.000184577645780882,0.000283134192908566,0.00676127570103955,0.000784995806724794,0.000913404130563213,0,0.00706815769582977,0.0101291848100871,0,0.000204033733525456,0.000433242286487347,0.010038691734108
"Clostridium_saudiense",0,0,0,0,0,0,0,0,0,0,0,0,0,0
"Alistipes_shahii",0.387345238299345,0.178062481312909,0.858223020306763,0.185134502143589,0.196839127511148,0.132351513009766,0.353950079033036,0.0159779828125632,0.0134677085213714,0,0.00179741198445509,0.00115510680833978,0.112790509256407,0.000190242154136307
"GGB80011_SGB15267",0.0193413542262441,0,0.0134069331470243,0,0,0.000107619905350585,0,0,0.00264990098586097,0,0,0.00401694661317736,0.00545735152982093,0
"GGB9767_SGB15385",0,0,0,0,0,0,0,0,0,0,0,0,0.000931619189241735,0
"GGB2653_SGB3574",0.000251129175026793,0,0,0,0,0.00422853619340772,0.0014507257564362,0,0,0,0.000521805743042372,0.000512749512360684,0,0
"Clostridium_sp_AM33_3",0,0.000795439015100876,0,0.00359600804813274,0.00118790276868252,0,0,0,0,0.00255152435616613,0.000162334911452091,0.000472449006981099,0.00145244095885684,0.000233297069359716
"Blautia_massiliensis",0,0.00141605646710028,0.000461274226797138,0.00102808497334187,0.0087333028401712,0.0032192439405231,0.00109940148385795,0.00562899233645271,0.0170875461299331,0,0.00312562328935231,0,0,0.0061887282286493
"GGB9708_SGB15233",0.0836078373110319,0,0,0,0,0,0,0,0,0,0,0,0,0
"GGB14025_SGB14906",0,0,0,0,0,0,0,0,0,0,0,0,0,0
"Lacrimispora_amygdalina",0.000161349017989634,0.00213168495036642,0,0.0112297939192691,0.00191297955958245,0.000799848192580711,0,0,0,0.0191180667255492,0.00303242957186186,0.0010039564664024,0.000294262157863606,0.00122504473686867
"Blautia_glucerasea",0.000652432971076729,0,0,0,0,6.82529620569911e-05,0,0,0,0,0,0.000517322417956106,0,0
"Bifidobacterium_catenulatum",0,0,0,0,0,0,0,0,0,0,0,0,0,0
"Agathobaculum_butyriciproducens",0.000337772322832588,0.0221514271922177,0.000531092687165232,0.0405054880042246,0.010716908946783,0.00659646826896622,0.00275358287088908,0.0462488609404215,0.0230039700821043,0.0154252157794993,0.00919929167018453,0.00124899575262527,0.00281386808320948,0.00172171232139556
"Alistipes_onderdonkii",0.000115809297405862,0.0159690303787538,0.67871828075024,0.0330104809861834,0.457255646088197,0.000149239186757043,0.154497953365936,0.0122482759322425,0.00787764159350073,0,0.0351888368127649,0.00199865964256005,0.27854505104245,0.000421583003812762
"GGB80140_SGB15224",0,0,0,0,0,0,0,0,0,0,0,0,0,0
"Clostridiaceae_bacterium_Marseille_Q4143",0,0,0,0.00013695689726121,0.000204632687596373,0.00042915519251887,0,0.00620570467810331,0,0,0,0,1.59513300358595e-05,0.000569436971013848
"Parasutterella_SGB9260",0,0,0,0,0,0.00253166023473684,0,0,0,0.0152343978311756,6.39177772643668e-05,0.0957444636499381,0,0.000113776645727331
"GGB33469_SGB15236",0,0,0.0152395158050782,0,0,0,0,0,0,0,0,0,0,0
"Turicibacter_bilis",0.00120830472110418,0,0,0,0.000167716968518851,0,0.0036763346646232,0,0,0,0,0,0,0.000468204540167971
"GGB79734_SGB15291",0.00160112225980656,0,0.00241963448812118,0.000361245872048391,0.00523175931029884,0.000813738846823413,0,0,0,0.127806122367671,0.00049842211725579,0.0123947125335613,0.00131249174444702,0.0134438891191625
"Hydrogenoanaerobacterium_saccharovorans",0.00093637835423369,0,0,4.59060170513714e-05,0.00417020324064855,0.00233049933979333,0.00433257265294765,0.0112063770307151,0,0,0.0016382473522697,0,0.00629217846416892,0
"Desulfovibrio_piger",0,0,0,0.0274965947353192,0,0,0,0,0.000302857829934042,0,0,0,0,0
"Blautia_luti",0,0,0,0,0.00194915559279238,0,0,0,0,0,0,0,0,0
"Oscillibacter_sp_ER4",0.26791244973528,1.09926052325412,0.130915889223118,0.809235175865258,0.242110515948674,0.0863897105778131,0.000432480898116034,0.06619034897422,0.220432492572676,0,0.302129651817343,0.12855916706528,0.155979039040975,0.217406768738455
"Clostridiaceae_bacterium_Marseille_Q4145",0,0,0,0,0.000120887698174699,0,0,0,0,0,0,0,0,0
"Clostridiales_Family_XIII_bacterium_BX16",0.00105739446974734,0,0.00059389358931474,0.000378211136644365,0,0.00154885332630915,0.00070334586998427,0,0,0,0,0.00102008315595703,0,0.002453072412565
"GGB4578_SGB6328",0,0,0,0,0,0,0,0,0,0,0,0.000433552305762292,0.0115011749754814,0
"GGB9713_SGB15249",0.0587614011681002,0,0.139273311090037,0.000522993078127015,0,0.268933623505961,0,0,0,0,6.87169064350662e-05,0.124176229852704,0.0334150979320497,0
"Klebsiella_pneumoniae",0.0450013187107821,0.011319882166598,0.161906378590846,0.000650650237915994,0.000228334191015375,0,0,0.0245999371297256,0.00524746858900697,0,0,0.00401881861400861,0,0
"GGB9602_SGB15028",0,0,0,0,0,0,0,0,0,0,0,0.0029304640576034,0.00209541408322351,0
"Oscillospiraceae_unclassified_SGB15256",0,0,0,0,0,0,0,0,0,0,0,0,0,0
"Roseburia_sp_AF02_12",0.0159017666030858,0.00077094263656786,0,0.000163389906611813,0,0,0,0,0,0.0371912094598165,0,0.000322078778458392,0,0.00122247607025101
"GGB9602_SGB15031",0,0,0,0,0,0,0,0,0,0,0,0.0217161235781759,0.0253254955326308,0.00415739960437341
"Waltera_intestinalis",0.0189657027027196,0.0125216491318577,0.0147564670407918,0.00786907531481683,0.0851372919402423,0.0211152163250256,0.0601876317395801,0.0103948286328176,0.107627019304363,0.19793503157705,0.0126848008638907,0.0249925783764052,0.0300765953591195,0.0585397692538007
"Dorea_sp_AF36_15AT",0,0,0,0.000210625038047771,0,0.000508433996248519,0,0.00194776579804354,0,0,0,0,0,0
"Bilophila_wadsworthia",0.035515685899142,0.00477533041644902,0.00699275448876121,0.0756088815157264,0.0242225163971956,0.0103611744444184,0.0357831479234722,0.0282761624946221,0.0032899433611551,0.0152315405929832,0.000466743346103042,0.0246688719685968,0.00567510347860741,0.00918124921741047
"GGB9677_SGB15180",0,0,0,0,0,0,0,0,0,0,0,0,0,0
"Romboutsia_timonensis",0.00319952850087427,0.00670970756579879,0.00148999284304346,0.0010686646282948,0.00256810804455957,0.00250088962195757,0.000188071296295079,3.12291076356295e-05,0.000500488113199492,0,0,0.00580841125851441,0.00110546012933557,0.00779306922566844
"GGB9559_SGB14969",0.00031068766414533,0,0,0,0,0,0,0.000991161212931148,0,0,0,0,0,0
"Clostridium_SGB4909",0,0,0,0,0,0,0,0,0.105812846658285,0,0,0,0.000435550119404251,0
"Clostridium_SGB4751",0.000467546298250779,0,0,0.000488075832423053,5.15963193090506e-05,0.000467822029109298,0,0,0,0.0051532048701009,1.30290336124581e-05,0,0,0
"Lachnospiraceae_bacterium_Marseille_Q4251",0.000116816328934608,0,0,0,0.00184993550881591,0,0,0,0.00375710019681244,0.00559230607981533,0,0,0.000242131416654486,8.58796810092981e-05
"Bifidobacterium_longum",0.00151540128132935,0.00579384482559719,0.00274817046647493,0.00227539411910981,0.00897502282010518,0.481788069929024,0.00721949665426068,7.00785549114064e-05,0.00207896050269476,0.00456388122227397,0,0.00114841089708438,0.000389587554833471,0
"Negativibacillus_massiliensis",0.0070755965124032,0.0034911251194539,0,0,0,0,0,0.0102100413345239,0.00436099330463181,0,0,0.00507478540189093,0,0
"GGB9699_SGB15216",0.00769110231052641,0.0310965604170512,0.0941661245446939,0.0197023374032772,0.0202129920749392,0.023822087518269,0.190584179205192,0.0019101800525663,0.0225944178626331,0,0.0352167448520629,0.000823560846498596,0.0114502249962773,0.00752546727690208
"Sutterella_wadsworthensis",0,0.0179210694263645,0.0136130811128276,0.00847730661210531,0.0003875588882347,0,0,0.0248606406032589,0.00171267788356714,0,0,0,0.0427132851377182,0
"Clostridium_sp_AF27_2AA",0,0,0,0,0,0,0,0,0,0.0497149843434706,0,1.48500683724211e-05,0,2.69533361710497e-05
"Lachnospiraceae_bacterium_OM04_12BH",0,0,0.00482358934213386,0,0,0,0,0,0,0,0.00107624015000347,0,0,0
"GGB9634_SGB15093",0,0,0,0,0,0.0502698776383839,0,0,0,0,0,0,0,0
"GGB9293_SGB14250",0.00239080630954303,0,0.0207567297311565,0,0,0,0,0,0,0,0,0.000794571618604358,0.00336296290461939,0
"Clostridium_SGB4750",0.000180719170262502,0.00202476031859139,0,0.0111618692490717,0.0081358392536505,0.00628065999886716,0.0017934786704506,0,0,0.000214063528837047,0,0.00125271408945881,7.77793861218586e-05,0
"GGB9707_SGB15229",0.0169183560022742,0,0.0161468739626488,0.0079107823906427,0,0.00845051496259578,0,0,0,0,0,0.00957249217863267,0,0.0191358352615989
"Roseburia_intestinalis",0,0.000378108256560432,0.000641981128345283,0.0123279180811851,0.165646140671954,0.00289822841328091,0,0,0,0.685758906292828,0,0.00859875268534208,0.023791490035737,0.0161925326959289
"GGB9608_SGB15041",0,0,0.000328931403302689,0,0,0,0,0,0,0,0,0,0,0
"Oscillospiraceae_bacterium",0,0,0,0,0,0,0,0,0,0,0,0,0,0
"GGB9760_SGB15374",0,0,0.00321161867949201,0,0,0,0.00662932023048368,0,0.00087906845463207,0,0,0,0,0
"Butyricimonas_paravirosa",0,0,0,0,0,0.00357464495431529,0.00849934754489625,0,0,0,0,0,0,0
"Alistipes_communis",0,0.16411029475715,0.0988663067808268,0.0259803892589603,0,0.0634583155003035,0,6.99086120951147e-05,0.00699206200861771,0,0.000410865309537164,0.00218256132348046,0.101241525975405,0
"Bifidobacterium_adolescentis",0.000214063507430261,0,9.72162271008481e-05,0.000308802510194278,0.0364172766459471,0.467258322588421,0.000191997705674891,0,0,0.00666564509552175,0,0,0,0
"Prevotella_copri_clade_C",0,0,0.000467642064052733,0,0,0,0,0,0,0,8.37276181971452e-05,0.000542881417047318,0,0
"Bifidobacterium_bifidum",0,0,0,0,0.00535137847189438,0.0294614282971145,0,0,0.0148299890476056,0,0,0,0.000101225113316581,0
"Ruminococcus_callidus",0.0235048638535832,0.0256800127776712,0,0,0,0,0.0455284333025105,0,0.00844510491623522,0,0,0.000735245542655114,0.0229565528983906,0
"Prevotella_copri_clade_A",0.00258527830064607,0.00487368053566994,0.139313439173,1.06101177880097,0.0013231319607125,0.0150015749291305,0.00248764490654082,0.00182113055007891,0.0741608629097107,0,0.00112055825359541,0.00558923155564362,0.00500015289614616,0.000683115912956498
"Collinsella_aerofaciens",0.0017825435485916,0,0.00510418242489599,0.0078463131527249,0.0296801752460231,0,0,0,0.0096563541042231,0.00677102163241998,0,0.00563502837903742,0.00955532694811198,0
"Gemmiger_formicilis",0.00488381212025801,0,0.0173808519200732,0.00115822906542196,0.0329233718637108,0.00533338510375795,0.0303344710145959,0.00062742063795233,0.534787063445665,0,0.0118336114653556,0.0409496895614394,0.00248393170748502,0.213360905956932
"Bacteroides_thetaiotaomicron",0.066947826176932,0.050013265323776,0.0754293544631324,0.0134297836817239,0.000918709121884329,0.0220693468025835,0.0473029003682165,0.558654043739249,0.027770170707461,0.0745599773711693,0.0315809732793664,0.0565113094440076,0.00691559493398315,0.0338206625266507
"Bacteroides_fragilis",0,0.000411220722843431,0.151440471864962,0.00605788966473566,0.00156792074259544,0.000379104683744551,0.0618789849864695,0.00595751717240063,0.0438972390834488,0.0960459665509686,0.00174201344280636,0.00258290654893583,0.00542190767468687,0.0194014669324938
"Holdemanella_porci",0,0,0,0,0,0,0,0,0,0,0,0,0,0
"GGB9760_SGB15373",0,0,0.00314415743428037,7.31627788269786e-05,0,0,0,0,0.00201686813642706,0,0.0171205634568911,0.0026794707357639,0.00110840850852731,0.000999648092356242
"Anaerotignum_faecicola",0,0.0107013736522146,0.0262878563234962,0.0606520134587489,0.000325150970397036,0.000498721551170849,0.0032385507574562,1.51056511636957e-05,0.0351463400637587,0,0.0288504684886654,0.0150984745164886,0.0174555944188312,0.000179565636103016
"GGB13493_SGB15238",0,0,0,0,3.04036788386419e-05,0,0,0.000574471317873318,0.00619449363364975,0,0,0.00873833485170033,0,0
"GGB9642_SGB15119",0,0,0,0,0,0.00400956710471942,0,0,0,0,0,0,0,0.00221192938778939
"Senegalimassilia_anaerobia",0,0,0,0,0,0.00504411232144454,0,0,0,0,0,0,0,0
"GGB34797_SGB14322",0,0,0,0,0,0,0,0,0,0,0,0,0,0
"Holdemanella_biformis",0,0,0,0,0,0,0,0,0,0,0,0,0,0
"GGB9759_SGB15370",0,0,0.000883138302211939,0,0,0,0,0,0,0,0,0.00131777076626063,0,0.000981103173185309
"Alistipes_senegalensis",0.0536203342692606,0,0,0,0,0,0,0,0,0,0,0,0.0619820835865731,0
"Ellagibacter_isourolithinifaciens",0,0,0,0,0,0,0,0,0,0,0,0,0,0
"Desulfovibrio_SGB5076",0,0,0,0,0.0176978488391198,0,0,0,0,0,0,0.000470036679623286,0,0
"GGB33928_SGB15225",0.00386287748685993,0,0.0214852570293339,0,0.0231670329254419,0.00555829318669584,0,0,0,0,0,0,0,0
"Alistipes_indistinctus",0.0032637440335245,0.00430440814034219,0.1412108341753,0.0118103672555468,0,0.0208102532511729,0,0,0,0.000893086384619801,0.0205541032873571,0.00555642851006832,0.000927555293091032,0
"Slackia_isoflavoniconvertens",0,0,0,0,0,0,0,0.000876721855906026,0,0,0,0,0,0
"Ruminococcus_sp_AF41_9",0,0,0,0,0,0,1.21834677494149e-05,0,0,0,0,0.000197142262729076,0,0
"Streptococcus_parasanguinis",0.00142083765992275,0.00112710351603432,0.00413786785070821,0.000794016375237047,0,0,0.000285394906919352,0.016779481658687,0,0.00327843354717592,0,0,0,3.81688520796417e-05
"GGB9627_SGB15081",0,0,0.00211621035599252,0,0.0102679680655689,0,0.00632710954170577,0,0,0,0,0,0.0154871270642291,0
"Clostridiales_bacterium",0,0.00164146970570083,0.000485773003042734,0,0,0,0.0601642172949851,0.0106281456763434,0.00453221542490821,0,0.00272066361528485,0.00113796195178463,0.00201871647461478,0
"Eubacteriales_unclassified_SGB15145",0,0,0.000411909711855351,0,0,0.000364140955500631,0.000551098959513664,0,0.0261128000054988,0,0,0,0.00352146286309717,0
"GGB80011_SGB15265",0.00994820928531877,0.511085404973435,0.00266859751500205,0.0211961720649528,0.173320580890253,0.00189175941902905,0.186996123561035,0,0.0298190283898653,0,0.664115247059024,0.0773449642257851,0,0.0705004416343972
"Gemmiger_SGB15299",0,0,0,0,0,0,0,0,0,0,0,0,0,0
"GGB2998_SGB3988",0,0,0.00107345100849641,0.0138093994190921,0,0.000543988633864309,0,0,0.0581631609796174,0.00699350061558111,0,0.00922870208213597,0,0
"GGB9614_SGB15049",0.000462960798719175,0.00165555366769281,0.000316503320925333,0.00436507566109987,0.0259780582331026,0.00107018332146097,0.00309544640212889,0.0322350376906706,0.00106231174502699,0,0.00156670467789781,0.000225390603475216,0.00361383121672309,0.00421042044482546
"Rheinheimera_SGB14999",0,0.00111019607576745,0.00112659257417541,0.002625723950307,0.00606674075411321,0.00194038599379989,0.00120139766417658,0.104565062090815,0,0,0.00339142298211898,0.00293851090808845,0.00359450285736336,0.00504051813509491
"Vescimonas_coprocola",0.00810325180004399,0.405281907068505,0.0514618338405945,0.0292075113080135,0.0776034311484769,0.014185975404551,0.126664477287076,0.00145983074266567,0.0183779344502072,0,0.0143482394511507,0.100967885739342,0.0955787239527503,0.272804927528414
"Flavonifractor_plautii",0.00674027095137767,0.00954627215041739,0.00118768201287768,0.00978781416245105,0.00612307086182281,0.00321110927258929,0.00860236229721644,0.219269799922769,0.00881481970317527,0.00910135354766648,0.0171503515272024,0.00284603995148125,0.00187512925232026,0.00626704721075388
"Collinsella_SGB4121",0,0,0.00131629934681867,0,0,0.000134643759358466,0,0,0,0.00356151585489518,0.00298700084080079,0.0215334788901241,0.00481681405148393,0
"Veillonella_dispar",0,5.28379124170323e-05,0,0.0228175383316306,0,0,0.000238506869283991,0.00292617637680839,0,0.00220402562606159,0,0,0,0.000428395433034022
"GGB9616_SGB15051",0,0,7.3376569954606e-05,0,0,0,0,0,0,0,0,0.00270872417917664,0,0.00370344029436665
"Anaerotruncus_colihominis",0.00507019278261524,0.000797911672234595,0.000477006297505551,0.00212160925902693,0.0752191357302373,0,0.00822757673955792,0,0,0.000934235714480102,0.000203603490525077,0.00274305304310944,0,0
"Rothia_mucilaginosa",0,0,0.00114447349113333,0.000243552194591279,0,0,0,0,0.00110300877490216,0.00206343136806201,0,0,0,0
"Veillonella_parvula",0.149017544494732,0.00724690252323723,0.01452846114128,0.0141631568984307,9.14575136520363e-06,0.00114385365396104,0.00323270798445737,0.0119984029561184,0.0398940780163706,0.00609187932762371,0,0,0,0.00333445815786564
"Faecalibacterium_SGB15315",0,0,0,0,0,0,0,0,0,0.000996170993652305,0,0,0,0
"Gemmiger_SGB15295",0.00315498687004445,0,0.00475434966598409,0.00280887382005923,0.00261735239708961,0.02316968251663,0,0,0.0113466023756108,0,0.000129249068137961,0.00029999816243406,3.12290795288561e-05,0
"Phocaeicola_SGB6473",0,0,0,0,0,0,0,0,0,0,0,0.0309337884814051,0.00179884841939913,0
"Dysosmobacter_welbionis",0.010353756922781,0.00237395693120041,0.0243500500771709,0.0230521995810637,0.048873080702863,0.00212924344840261,0.0181438438732471,0.135568883720258,0.00408311629244356,0,0.0153032153936962,0.0209228716788064,0.00380312762316207,0.00735092226020296
"Clostridium_leptum",0.0398852181547498,0.00308941092389732,0.000494386338799504,1.21516231277e-05,0,0.00139015917923568,0.00173525304137728,0,0,0,0.000371964958967489,0.0163008022401359,0,0
"Streptococcus_infantis",0,0,0,0,0,0,0,0.000251419674142748,0.0145037992268317,0,0,0,0,0
"Veillonella_atypica",0.00057259922169352,0.00353384782136039,0.000300927812027477,0.00714956834090928,0,3.54243829104328e-05,0,0.00797075266502437,0,0.0302640525320489,0,0,0,0.000384790855895225
"Eggerthella_lenta",0.00135749357192762,0,0.000902500809320792,0,6.55355845575149e-05,0,0.000771291202021358,0,0,0.000496135826877162,0,0,0,0.000783472708078689
"Bifidobacterium_pseudocatenulatum",0.00227080453141498,0.0025601463286533,0,0,0.0818445618023829,0,0.0267215540160817,0,0.00835025246910388,0.0237941333589914,0.00275493631544407,0.0155717428687902,0,0
"GGB3278_SGB4328",0.082469228482502,0,0.00380316298142647,0,0,0.0901389481292985,0,0,0,0,0,0,0,0.0610798432396268
"Prevotella_stercorea",0,6.94938972067547e-05,0.000347659718497394,0.000145322804648012,0,0.000238978073994973,8.52838137103673e-05,0,0,0,0,0,0.000265305569973482,0
"GGB3304_SGB4367",0,0,0.00149700045906186,0.00263234385162667,0.000297513643670046,0.117277072488823,0,0.000860985955492229,0.00231226598672213,0,0.000162883313633604,0.000744576438485397,0,0.00383426309608116
"Phascolarctobacterium_succinatutens",0,0,0,0,0,0,0,0,0,0,0,0,0,0
"Phocaeicola_plebeius",0.39823693572159,0.115413571958086,0.00260810846180942,0.138559119980114,0.12227963757033,0.293307303992144,0.000437739406713864,0.000412126979871209,0.00453830325163623,0,0.00457597226306274,0.00628882061184833,0.774497290137224,0.342851992816935
"Lachnospira_pectinoschiza",0.00164034453811236,0,3.30736676318454e-05,0.00267254120353198,0.0424711234043883,0.00112146432730814,0.0179836719391064,0,0,0.163694739725004,0,7.96602740686664e-05,0,0
"Anaerobutyricum_soehngenii",0,0,0,0.000281256208135385,0,0,0,0,0,0,0,0.00118469548941112,0,0
"GGB51647_SGB4348",0.261643389280528,0.12896300769336,0.0593900809001675,0.00561470462838602,0.00723161657122719,0.00069352207539724,0.00125669546809026,0.00134329874743597,0.0260731292362863,0,0.30530085577427,0.00226652711800251,0.0684239313586345,1.01383497310522
"Butyricimonas_faecihominis",0,0,0,0,0,0,0,0.0113802349291625,0,0,0,0,0,0
"GGB3109_SGB4119",0,0.00996626823243375,0,0.00346907514060068,0,0.0149269715526233,0.00668398274257433,0,0,0,0,0,0,0.00195732008524446
"Lawsonibacter_asaccharolyticus",0.00374156775715883,0,0.0011534143039805,0.00147855612087252,0.0103263589408189,0.00177123385012169,0,0,0,0,0,0.000519602557761256,0.00475514247815691,0.00133283852505029
"GGB9621_SGB15073",0,0,0,0,0,0,0,0,0,0,0,0,0,0
"GGB6569_SGB9281",0,0,0,0,0,0,0.00346677043656012,0,0,0.00196771402697782,0,0,0,0
"Dysosmobacter_sp_NSJ_60",0.00135593061254411,0.000923290738042134,0.000533975956570995,0.00569811290059329,0,0.000320161941008787,0.00785128990127719,0,0,0,0.000447389671448119,0.00414882200783473,0.00206959176965876,0
"Intestinimonas_butyriciproducens",0.00173105778453273,0,0.00146333116704591,9.1084464621006e-05,0,0.00123568731599416,0,0,0.000946153182467885,0,0,0.00372637758136309,0.000280653551485812,0
"Enterocloster_citroniae",0.00159636215300934,0.000400199725032503,0.00021139273392913,0.00118757634103116,6.69981386728569e-05,0,0.00373320651557891,0.00220074023141623,0,0.00088921253119179,0,0.000326514129993711,0,1.28603238532159e-05
"Hungatella_hathewayi",0.00148326533372683,0.000677317554347544,0.00360870490146294,0.000594249148073384,0.00242287495873712,0.000190355591604747,0.00292116724692019,0.00329652298850806,0.000320092591345303,0.000754233379449738,2.67233295775486e-05,0.000494224285837691,0,0.000297539103264864
"GGB9708_SGB15234",0,0,0.0167322632859222,0.0520531350693878,0,0.00196610474361395,0,0,0.00438396814956437,0,0,0.100264350368885,0.00530685486413704,0
"Enterococcus_faecium",0,0,0,0,0,0,0,0,0,0,0,0,0,0
"Faecalibacillus_faecis",0,0,0,0,0,0,0.000376882425445562,0,0,0,0,0,0,0
"Clostridium_sp_NSJ_42",0,0.000890944403230256,0,0,0,0,0,0,0,0,0,0,0,0
"Streptococcus_gordonii",6.41333388346951e-05,0.000261262890081317,0.00126039163461314,0,0,0,0,0,0,0,0,0,0,0
"GGB9524_SGB14924",0,0,8.35842520566764e-05,0,0,0,0,0,0,0,0,0.00292840654432264,0,0
"GGB3321_SGB4394",0.0182822677893293,0,0,0,0.00633041776052117,0.00805501340724619,0,0,0,0,0,0.00532817424420839,0.0126407553588939,0.00290318852108716
"Streptococcus_mitis",0,0.00019278719967653,0,0.000123350879748636,0.000255901668941363,0,0,0.000233190128649012,0.0121551578987192,0,0,0,0,0
"Enterocloster_aldenensis",0.000956335419913004,0,0.00175944530688491,0.000980923409652096,0,0,0.016864969078705,0.00786055334720741,0,0.00403804115562261,0.0117585888966903,0,0,0
"GGB9534_SGB14937",0.00676367457761187,0.0406557439914472,0.000180054288202447,0.00148029205729178,0,0.000295075110520514,0,0,0,0,0.00708365219843235,0.0194078141316221,0.000757581534448543,0
"Streptococcus_australis",0,0,0.000579203332539046,0,0.000446213744267593,0,0,0,0,0.0043401151370776,0,0.000679093692538567,0,0
"Ruthenibacterium_lactatiformans",0.0219002531805429,0.0202904924559335,0.0581087070965536,0.00450276473714533,0.0130247286879843,0.0108885112099764,0.0222142968914245,0.00865186265529761,0.00442987621528454,0.00195738917531631,0.00748048989288591,0.0115059430033438,0.000420689376102777,0.00187974717167437
"GGB9595_SGB15019",0,0.00459236883183584,0,0,0,0.000182947250884099,0,0,0,0,0,0.0579552586193904,0,0.00252895254190353
"Gemella_sanguinis",0,0,0,0,0,0,0,0,0.00456990885789178,0,0,0,0,0
"Enterocloster_bolteae",0.000672265113441473,0.000382090722017317,0.00599702951566727,0.00136349378997647,0.000502572303147094,0,0.0393784825712629,0.00901718123524965,0,0.00223462256823438,0.00298639655330074,0,0,0
"Clostridium_butyricum",0,5.40614556395066e-05,0,5.84083163269827e-05,3.94409482432076e-05,0,0,0.000371484222166722,0,0,0,0,0,0
"Lacrimispora_saccharolytica",0,0,0,0,0,0,0,0,0,0,0,0,0,0
"Streptococcus_vestibularis",0,0,0,0,0,0,0,0,0,0,0,0,0,0
"Allisonella_histaminiformans",0.000305134228730217,0.00227048420790199,0,0.013792919297148,0,0.0080166710783217,0,0,0.00122500573351817,0,0.00033257091949881,0.000393081535006277,0.000819793805968856,0.010783041662046
"Enterococcus_faecalis",0,0,0,0,0,0,0,0,0,0,0,0,0,0
"GGB9770_SGB15390",0,0,0,0,0,0.00113773425990205,0,0,0,0,0,0,0,0
"GGB47687_SGB2286",0,0,0,1.82743304980469e-05,0,0,0,0,0,0,0,0,0,0
"GGB9619_SGB15067",0,0.00255624391100959,0,0,0,0,0.00249737490428252,0.00938087512731442,0,0,0,0.00200827552507892,0.00125053569633517,0
"Streptococcus_anginosus",4.85785147200513e-05,0,0,3.79793724224506e-06,0,0,0,0,0,0,0,0,0,0
"Clostridium_symbiosum",0.000591300502194522,3.38841855728987e-05,0.00300483683423633,0,0.00262023443685094,0,0.00532169591361226,0.281501987375836,0,0.00578709970307246,0,0,0,0
"Eisenbergiella_tayi",0.000141886842216113,0,0.00112835821736119,0,0,0,0,0,0,0,0,0,0,0
"Granulicatella_SGB8255",0,0,0,0,0,0,0,0.000835531200076168,0.00111429057187839,0,0,0,0,0
"Clostridium_scindens",0,0.00014404386988515,0,0,0,0,0,0.000442082685332941,0,0,4.96289513114654e-05,0,0,0
"GGB9719_SGB15272",0.000159408376106641,0,0,0,0,0.000649011977100386,0.000256568595861283,0,0,0,0,0,0,0
"Clostridium_SGB6179",0.00423407236376508,0.00725298817928839,0,8.96264154456918e-05,2.80088173405226e-05,0,0,0,0,0,0,0.000132040352700564,0,0.000540807278583339
"Bacteroides_nordii",0.000745157304079243,0.0010324563792645,0.000668467788972912,6.16074745968904e-05,0,0.0019240398648068,0.010970764566587,0.0184388374241579,0.00496463122535246,0,0,0.0140940054777395,0.00347816622069062,0
"Erysipelatoclostridium_ramosum",0,0,0.000439011904991284,0.000140629320478238,0,0,0,0,0,0,0,0,0,0
"GGB9593_SGB15015",0.00821962748747122,0,0.0116743128928941,0,0,0,0,0,0,0,0,0,0,0.000147857140609941
"GGB9453_SGB14845",0.000155330457871925,0,0,0,0,0.000335306095204196,0,0,0,0,0,0,0,0
"Anaeromassilibacillus_sp_An250",0,0,0.000638383867687129,0,8.93449298279071e-05,0.00984254665279682,0,0,0,0,0.00304869808738548,0.000219975902191358,0,0
"Bifidobacterium_dentium",0.000824108127724621,0,0.000625091208110602,0.00458472047871463,0,0,0,0,0,0,0,0,0,0
"Ruminococcus_sp_AF46_10NS",0.000107619862302813,0,0,0,0,0,0,0,0,0,0,0,0.000279540072349766,0
"Ruminococcus_sp_BSD2780120874_150323_B10",0.000123180704081069,0.000157097523188232,0.00034066935904094,0.302774767739802,0.000133615525524399,0.47858471827068,4.11171983935024e-05,0.00110162555061262,0.0172007081298339,0,0,0,0.000152009682314523,0
"GGB3175_SGB4191",0,0,0,0,0,0,0,0,0.0568316274299563,0,0,0,0,0
"GGB4566_SGB6305",0,0,0,0,0,0,0,0,0,0,0,0,0,0
"Eubacterium_sp_AF34_35BH",0.00085330717972594,0.0075591021530326,8.38588867762856e-05,0.000255566285337408,0.0350089979855202,0.00214374941295425,0,0,0.00276922593138208,0.00522741117056595,0.00287199112505126,0.00511251556453441,7.56097743414348e-05,0.00157283940254785
"Parabacteroides_goldsteinii",0,0,0.00629817080451019,0,0,0,0,0.0704655181977811,0,0,0.0301392918328488,0.0114204450312631,0.00074692781806775,0
"Blautia_faecicola",0,0,0,0,0,0,0,0,0,0,0,0,0,0
"Adlercreutzia_equolifaciens",0,0.0110175555892185,0,0,0.00321211666596984,0,0,0.00171908972839811,0.000780427528944719,0,0.000100703832544064,0.00826064996494085,0.00382432199308243,0
"Alistipes_sp_AF17_16",0.0475598315604295,0.0692025728392444,0.253250920776496,0.121322911677541,0,0.0441326155895439,0,3.78494853086478e-05,0,0,0,0.0427280526162297,0,0
"Alistipes_finegoldii",0,0,0,0.044372387921733,9.89860608100576e-06,0,0,0.000196630586931243,0.0408847368453854,0,0.278898499821671,0.113077784328759,0.00864876017647333,0
"Alistipes_ihumii",0.0743172808879562,0,0,0.00120114163149673,0,0.0942882645335348,0,0.00394948088189892,0.00158163700412418,0,0,0.000400069491163184,0.0976514454359401,0
"Evtepia_gabavorous",0.00172749227754035,0.0214305253957015,0,0,0,0,0.00221727132461445,0,0,0,0.00467671349151631,0,0,0
"Ruminococcus_gnavus",0,0.00392097418552262,0.000329594419016627,0.00521980869384446,0,0,0.000433083205993187,0.081896645991131,0.0141745896055822,0.00279494420807929,0.00174825960807656,0.0011931988766593,0.0152271548587457,1.92349920314834e-05
"Holdemania_filiformis",0.000101784092112112,0.000505815358492195,0,0.0004720728036204,0,0.000482362313723981,0.00352917280173923,0.000899299695340122,0,0,4.26400575925545e-05,0,3.92746105504089e-05,0
"GGB3005_SGB3996",0,0,0,0,0,0,0,0,0,0,0,0,0,0
"Mediterraneibacter_glycyrrhizinilyticus",0,0,0,0,0,0,0,0.00229070368459971,0,0,0,0,0,0
"Methylobacterium_SGB15164",0,0,1.48519882780679e-05,0,0,0,0,0,0,0,0,0,0,0
"Clostridiaceae_bacterium_Marseille_Q3526",0,4.79605810421958e-05,0,0,0,0,0,0,0,0,0,0,0,8.65925145060065e-05
"Clostridium_sp_AT4",0,0.000376002335289566,0,0.00849433722569134,0,0,0,0.0700268365739175,0,0.00694183768578419,0.00214455131442677,0,0,0
"Eisenbergiella_massiliensis",0,0,0,0,0,0,0.00867042543811692,0.0307976147634765,0,0,0,0,0,0
"Blautia_caecimuris",0,0,0,0,0,0,0,0,0,0,0,0,0,0
"Clostridia_bacterium",0,0,0,0,0,0,0,0,0,0,0,0,0,0
"Clostridia_bacterium_UC5_1_1D1",0,0.000797500297508081,0,0.000419691163012944,0,0.000114388395663299,0,0.000450455946071427,0,0,0,0,0,0
"GGB1495_SGB2071",0,0,0.000115800284238312,0,0,0,0,0,0.000420800105953457,0,0,0,0,0
"GGB3819_SGB5184",0,0,0,0,0,0.0034911758482572,0,0.00808208318100451,0,0,0,0,0,0
"GGB3730_SGB5060",0,0,0,0,0,0,0,0,0,0,0,0,0,0
"Butyricimonas_SGB15260",0,0,0.00109422994867364,0.00892757068724627,0.0190511396777658,0,0.217948430093035,0,0,0,0,0.00969854280650389,0.00478154781085986,0.00566863884867268
"Phocaeicola_coprocola",0.331681718591033,0.0826350469273824,0,6.85285132265099e-05,0.0709479483358813,0.0556793070220315,6.28770500691698e-06,0.000360036475796049,0.0297206903703482,0,0.00100350089335585,0.243220690701056,0.545348872930256,0.000509281595636189
"Tyzzerella_nexilis",0,0,0,0.00239315483822088,0.000308683320206039,0,0,0,0,0,0,0,0,0
"Bacteroides_eggerthii",0,0,0.0846688812265211,0.0014210555356752,0,0.00714788362687322,0.0182441098326977,0,0.0371747851448612,0,0.00037446766235456,0.000275499389040486,0.0987046464702669,7.08128005424716e-05
"Acidaminococcus_intestini",0,0,0,0,0,0,0,0,0,0,0,0,0,0
"GGB3363_SGB4448",0,0,0,0,0,0,0,0,0,0.00229537043236288,0.00040163212712858,0.00041690727968315,0,0
"Blautia_stercoris",0,0.000920730977875117,0,0.00121463340288066,0,4.79313088708145e-05,0,0,0,0,0,0,0,0
"GGB3490_SGB4664",0,0,0,0,0,0,0,0,0.000753332227887928,0,0,0,0,0.00516688187070426
"Bacteroides_intestinalis",0.042606884859374,0.0032976893172137,0.000506949152174377,0.00529162004543021,0.00020289519978716,0.00854510068280742,0.574988354982662,0,0,0.0383079293638799,0,0,0.00398677360243018,0
"GGB79973_SGB14341",0,0,0,0,0,0.00187746991043508,0,0,0,0,0,0.000424118781832068,0.000622836576581145,0
"Clostridiaceae_unclassified_SGB15090",0,0,0,0,0,0,0,0,0,0,0,0,0,0
"Butyricicoccus_SGB14990",0.000185198576060119,0,0,0,0.00901001882620978,0.000251564465721886,0,0,0,0,0,0.000146193474448696,0,0
"Enterobacter_hormaechei",0,0,0,0,0.000701419851975895,0,0,0,0,0,0,0,0.00296116370176669,4.92860289621939e-05
"GGB42994_SGB4746",0,0.00079717380783179,0,0,0,0,0,0,0,0,0,0,0,0
"Parabacteroides_johnsonii",0.0131760549451537,0,0,0.000569752576245633,0,0,0.118002598926762,0,0,0,0,0,0,0
"Sanguibacter_SGB15121",0,0,0.00194583457102921,0.000548972213986608,0.00235747961730291,0,0,0,0,0,0,0,0.000690807981859944,0
"Vescimonas_SGB15087",0.0497822738319145,0,0,0,0,0,0,0,0,0,0,0,0,0
"Turicibacter_sanguinis",0.00086743253517975,0.000855950393553479,0,0,7.63524847519692e-06,0,0,0,0,0,0,0,0,0
"Clostridiales_bacterium_Choco116",0,0,0,0,0,0,0,0,0,0,0,0,0,0
"Sellimonas_intestinalis",0,0,0,0,0,0,0,0,0,0,0,0,0,0
"GGB9453_SGB14844",0,0,0,0,3.92748416412278e-05,0,0,0,0,0,0,0,0,0
"Alistipes_dispar",0,0,0,7.44432445832014e-05,0,0.00523685009274432,0,0,0,0,0,0,0,0
"Merdimonas_faecis",0.000195602088802259,0,0,0,0,0,0,0,0,0,0,0,0,0
"GGB3363_SGB4447",0,0,0,0,0,0,0,0,0,0,0,0,8.20350547597534e-05,6.0445448112268e-05
"Longicatena_caecimuris",0,0,0.00057927451470234,0,0,0,0.00147192942182249,0,0,0,0,0,0,0
"Blautia_hansenii",0,9.26691636573473e-05,0,0,0,0,0,0,0,0.000114527753642148,0,0,0,0
"Clostridia_bacterium_UC5_1_1E11",0,0,0,0,0,0,0,0,0,0,0,0,0,0
"Blautia_producta",0,0,0,0,0,0,0,0.00853924224839791,0,0,0,0,0,0
"Monoglobus_pectinilyticus",0,0,0,0,0,0,0,0,0,0.000218704391536347,0,0.00541880149847783,0,0.000322643590677342
"Anaerostipes_caccae",0,0,0,0,0,0,0.000256647065652781,0,0,0,0,0,0,0
"Ruminococcus_SGB4421",0,0,0.011454118312092,0,0,0.01472326381324,0,0,0,0,0.049633581227097,0,0,0
"GGB33512_SGB15201",0,0,0,0,0,0,0,0,0,0,0,0,0,0
"GGB9697_SGB15213",0,0,0.000103963231794911,0,0,0,0,0,0,0,0,0,0.000379104570016617,0
"Ligilactobacillus_salivarius",0.00114454850936861,0,0,0.000496181878757406,0,0,0,0,0,0,0,0,0,0
"Megamonas_funiformis",0,0.00138042489036771,0,0,0.110172942836036,0.000147168289222506,0,0,0,0,8.81962044818069e-05,0.000582171190777626,0.00171788813379109,0.000107619851540495
"GGB1420_SGB1957",0,0,0,0,0,0,0,0,0,0,0,0,0,0
"Dialister_hominis",0.0502034106530246,0,1.28603277112327e-05,0,0,0.143207931726755,0,0,0.0151718139446511,0,0,0,0,0
"Veillonella_tobetsuensis",0,0.000792609099034719,0,0,0.00498512208762513,0,0,0,0.0521511547591994,0.00720053139766071,0,0,0,0
"Citrobacter_freundii",0.00805052718258964,9.69617554180432e-05,0,0.00205742302291489,0,0,0,0,0,0,7.16186784761969e-05,6.88589360616074e-05,0.000735706757403436,0.00096352294062711
"Faecalimonas_umbilicata",0,0,0,0,0,0,0,0,0,0.000974692549819636,0,0,0,0
"Enterocloster_clostridioformis",0,0,0,4.59156795265621e-05,0,0,0,0.407811493457287,0,0.00404040324792543,0,0,0,0
"Mesosutterella_multiformis",0,0,0,0,0,0.0170057803814459,0,0,0,0,0,0,0,0.00099979744439998
"Ruminococcus_sp_AF13_28",7.42500819876082e-05,0,0.000217934338341116,0.00809286120089669,0.00139757159793238,0,0.00405788371675968,0,0.00455211515541146,0.0237754247200574,0.000118139912084491,6.56550946430013e-05,0,0
"Megasphaera_micronuciformis",0,0,0,5.40614340153759e-05,0,0,0.000379536346863624,0.000510426406347205,0.000167337095673809,0.00130052572415535,0,0,0,0
"Clostridium_sp_AM42_4",0,0.00123728217226723,0,0.00150846266686312,0.000283628210430859,0,0,0,0,0.000778659438324039,0,0.000255566387563301,0.000523648034354774,0
"Eubacterium_sp_NSJ_61",0,0.000829769460140143,0,0.00133219988707476,0,0,0.0006060754764819,0.000140530099023553,0,0,0,0,0,0
"Megasphaera_sp_NM10",0,0,0,0.0465725050682293,0,0.0068624894309827,0,0,0,0,0,0,0,0
"Klebsiella_variicola",0,0,0,0,0,0,0,0,0,0,0,0,0,0
